order_id,customer_city,province,product_category,payment_method,order_amount_pkr,order_datetime,shipped_datetime,promised_delivery_datetime,delivered_datetime,order_status
PK-00001,Faisalabad,Punjab,Fashion,Card,9457.17,2025-06-13 08:47:00,2025-06-13 13:47:00,2025-06-17 08:47:00,2025-06-15 16:24:00,Delivered
PK-00002,Karachi,Sindh,Beauty,Card,46669.07,2025-01-08 08:14:00,2025-01-09 08:14:00,2025-01-11 08:14:00,2025-01-10 21:28:00,Delivered
PK-00003,Islamabad,ICT,Books,Digital Wallet,22413.17,2025-03-13 19:00:00,2025-03-14 01:00:00,2025-03-16 19:00:00,2025-03-16 04:05:00,Delivered
PK-00004,Faisalabad,Punjab,Electronics,Digital Wallet,35063.52,2025-04-02 20:38:00,2025-04-03 10:38:00,2025-04-06 20:38:00,2025-04-08 13:13:00,Delivered
PK-00005,Peshawar,Khyber Pakhtunkhwa,Beauty,Card,45930.11,2025-06-10 17:55:00,2025-06-10 20:55:00,2025-06-15 17:55:00,2025-06-13 23:49:00,Delivered
PK-00006,Peshawar,Khyber Pakhtunkhwa,Fashion,Bank Transfer,23382.72,2025-01-26 13:29:00,2025-01-27 12:29:00,2025-01-31 13:29:00,2025-01-29 21:13:00,Delivered
PK-00007,Islamabad,ICT,Beauty,Card,10997.63,2025-06-15 07:40:00,2025-06-15 21:40:00,2025-06-18 07:40:00,2025-06-18 05:23:00,Delivered
PK-00008,Peshawar,Khyber Pakhtunkhwa,Home,Bank Transfer,4722.47,2025-01-15 11:02:00,2025-01-16 07:02:00,2025-01-20 11:02:00,2025-01-23 17:15:00,Delivered
PK-00009,Multan,Punjab,Fashion,Bank Transfer,9463.14,2025-04-12 20:41:00,2025-04-13 21:41:00,2025-04-16 20:41:00,2025-04-16 11:38:00,Delivered
PK-00010,Multan,Punjab,Electronics,Cash on Delivery,56034.19,2025-04-03 10:08:00,2025-04-03 16:08:00,2025-04-07 10:08:00,2025-04-06 21:58:00,Delivered
PK-00011,Multan,Punjab,Beauty,Bank Transfer,63133.11,2025-06-02 06:24:00,2025-06-03 11:24:00,2025-06-06 06:24:00,2025-06-08 15:07:00,Delivered
PK-00012,Lahore,Punjab,Groceries,Digital Wallet,10659.08,2025-03-10 19:21:00,2025-03-10 21:21:00,2025-03-13 19:21:00,2025-03-12 05:53:00,Delivered
PK-00013,Faisalabad,Punjab,Books,Card,10315.77,2025-05-10 21:55:00,,2025-05-14 21:55:00,,Cancelled
PK-00014,Peshawar,Khyber Pakhtunkhwa,Groceries,Card,4189.07,2025-03-24 15:07:00,2025-03-25 21:07:00,2025-03-29 15:07:00,2025-04-01 23:12:00,Delivered
PK-00015,Islamabad,ICT,Fashion,Digital Wallet,61569.08,2025-01-18 22:34:00,2025-01-19 05:34:00,2025-01-21 22:34:00,2025-01-21 18:47:00,Delivered
PK-00016,Quetta,Balochistan,Books,Bank Transfer,28729.36,2025-06-26 10:19:00,2025-06-27 04:19:00,2025-07-02 10:19:00,2025-07-05 18:26:00,Delivered
PK-00017,Rawalpindi,Punjab,Beauty,Card,914.17,2025-01-17 12:37:00,2025-01-18 12:37:00,2025-01-20 12:37:00,2025-01-19 14:32:00,Delivered
PK-00018,Multan,Punjab,Fashion,Card,47142.41,2025-05-12 11:42:00,2025-05-13 17:42:00,2025-05-16 11:42:00,2025-05-16 08:57:00,Delivered
PK-00019,Quetta,Balochistan,Groceries,Digital Wallet,26986.65,2025-04-15 10:06:00,2025-04-16 15:06:00,2025-04-21 10:06:00,2025-04-21 18:09:00,Delivered
PK-00020,Rawalpindi,Punjab,Fashion,Card,35067.25,2025-03-28 19:06:00,2025-03-29 01:06:00,2025-03-31 19:06:00,2025-03-30 14:17:00,Delivered
PK-00021,Multan,Punjab,Beauty,Cash on Delivery,3715.48,2025-03-05 20:04:00,2025-03-06 15:04:00,2025-03-09 20:04:00,2025-03-11 22:14:00,Delivered
PK-00022,Karachi,Sindh,Fashion,Digital Wallet,589.13,2025-05-04 10:25:00,2025-05-05 00:25:00,2025-05-07 10:25:00,2025-05-06 09:24:00,Delivered
PK-00023,Multan,Punjab,Fashion,Card,19602.49,2025-04-27 12:44:00,,2025-05-01 12:44:00,,Cancelled
PK-00024,Islamabad,ICT,Electronics,Cash on Delivery,55404.16,2025-05-03 16:54:00,2025-05-03 20:54:00,2025-05-06 16:54:00,2025-05-04 23:37:00,Delivered
PK-00025,Rawalpindi,Punjab,Beauty,Cash on Delivery,40431.08,2025-04-14 08:56:00,2025-04-14 23:56:00,2025-04-17 08:56:00,2025-04-16 10:55:00,Delivered
PK-00026,Faisalabad,Punjab,Home,Card,43807.6,2025-06-21 18:15:00,2025-06-22 05:15:00,2025-06-25 18:15:00,2025-06-24 19:35:00,Delivered
PK-00027,Lahore,Punjab,Electronics,Card,33104.86,2025-01-19 01:39:00,2025-01-19 07:39:00,2025-01-22 01:39:00,2025-01-23 15:02:00,Delivered
PK-00028,Faisalabad,Punjab,Beauty,Cash on Delivery,43560.57,2025-04-23 20:45:00,2025-04-24 15:45:00,2025-04-27 20:45:00,2025-04-27 01:44:00,Delivered
PK-00029,Lahore,Punjab,Books,Card,18030.08,2025-02-04 11:56:00,2025-02-05 08:56:00,2025-02-07 11:56:00,2025-02-07 17:28:00,Delivered
PK-00030,Faisalabad,Punjab,Electronics,Cash on Delivery,21981.07,2025-01-14 07:27:00,2025-01-14 13:27:00,2025-01-18 07:27:00,2025-01-18 21:37:00,Delivered
PK-00031,Karachi,Sindh,Electronics,Cash on Delivery,61453.04,2025-05-22 18:35:00,2025-05-23 18:35:00,2025-05-25 18:35:00,2025-05-27 06:12:00,Delivered
PK-00032,Peshawar,Khyber Pakhtunkhwa,Electronics,Bank Transfer,14010.44,2025-04-21 09:19:00,2025-04-21 18:19:00,2025-04-26 09:19:00,2025-04-24 21:41:00,Delivered
PK-00033,Islamabad,ICT,Fashion,Card,63464.1,2025-04-15 22:47:00,2025-04-17 01:47:00,2025-04-18 22:47:00,2025-04-20 07:34:00,Delivered
PK-00034,Rawalpindi,Punjab,Groceries,Card,51275.02,2025-04-16 19:55:00,,2025-04-19 19:55:00,,Cancelled
PK-00035,Multan,Punjab,Groceries,Bank Transfer,53415.62,2025-05-01 11:52:00,2025-05-02 16:52:00,2025-05-05 11:52:00,2025-05-05 23:17:00,Delivered
PK-00036,Peshawar,Khyber Pakhtunkhwa,Books,Digital Wallet,44312.89,2025-01-18 22:17:00,2025-01-20 02:17:00,2025-01-23 22:17:00,2025-01-24 12:18:00,Delivered
PK-00037,Karachi,Sindh,Electronics,Digital Wallet,22764.1,2025-03-08 10:16:00,2025-03-09 13:16:00,2025-03-11 10:16:00,2025-03-11 05:23:00,Delivered
PK-00038,Quetta,Balochistan,Electronics,Card,23960.5,2025-05-28 10:02:00,2025-05-28 14:02:00,2025-06-03 10:02:00,2025-06-05 00:41:00,Delivered
PK-00039,Faisalabad,Punjab,Books,Digital Wallet,21505.11,2025-02-01 18:19:00,2025-02-02 18:19:00,2025-02-05 18:19:00,2025-02-06 08:01:00,Delivered
PK-00040,Faisalabad,Punjab,Home,Cash on Delivery,20065.13,2025-06-23 19:11:00,2025-06-24 03:11:00,2025-06-27 19:11:00,2025-06-28 17:01:00,Delivered
PK-00041,Multan,Punjab,Books,Card,33446.28,2025-06-17 12:28:00,2025-06-18 15:28:00,2025-06-21 12:28:00,2025-06-23 21:10:00,Delivered
PK-00042,Peshawar,Khyber Pakhtunkhwa,Electronics,Card,43878.96,2025-05-12 18:39:00,,2025-05-17 18:39:00,,Cancelled
PK-00043,Lahore,Punjab,Home,Digital Wallet,57650.14,2025-03-04 23:39:00,2025-03-05 19:39:00,2025-03-07 23:39:00,2025-03-09 11:04:00,Delivered
PK-00044,Lahore,Punjab,Home,Card,11803.49,2025-06-17 18:57:00,,2025-06-20 18:57:00,,Cancelled
PK-00045,Multan,Punjab,Fashion,Digital Wallet,43542.14,2025-03-05 21:07:00,2025-03-06 16:07:00,2025-03-09 21:07:00,2025-03-08 06:46:00,Delivered
PK-00046,Multan,Punjab,Fashion,Digital Wallet,29502.0,2025-05-10 14:58:00,2025-05-11 16:58:00,2025-05-14 14:58:00,2025-05-13 00:51:00,Delivered
PK-00047,Faisalabad,Punjab,Home,Cash on Delivery,46509.32,2025-05-14 15:15:00,2025-05-15 00:15:00,2025-05-18 15:15:00,2025-05-18 02:23:00,Delivered
PK-00048,Rawalpindi,Punjab,Electronics,Digital Wallet,26760.54,2025-04-09 18:45:00,2025-04-10 13:45:00,2025-04-12 18:45:00,2025-04-14 04:11:00,Delivered
PK-00049,Karachi,Sindh,Beauty,Digital Wallet,31239.04,2025-04-18 13:49:00,2025-04-19 02:49:00,2025-04-21 13:49:00,2025-04-21 16:23:00,Delivered
PK-00050,Rawalpindi,Punjab,Home,Card,18067.97,2025-05-20 19:57:00,2025-05-21 12:57:00,2025-05-23 19:57:00,2025-05-24 13:21:00,Delivered
PK-00051,Islamabad,ICT,Home,Card,63755.6,2025-06-23 19:46:00,2025-06-24 14:46:00,2025-06-26 19:46:00,2025-06-27 14:51:00,Delivered
PK-00052,Karachi,Sindh,Groceries,Digital Wallet,21580.61,2025-02-04 20:11:00,2025-02-05 12:11:00,2025-02-07 20:11:00,2025-02-07 22:32:00,Delivered
PK-00053,Quetta,Balochistan,Groceries,Cash on Delivery,30808.31,2025-04-08 11:53:00,2025-04-09 12:53:00,2025-04-14 11:53:00,2025-04-11 00:07:00,Delivered
PK-00054,Rawalpindi,Punjab,Fashion,Cash on Delivery,40557.22,2025-06-16 04:01:00,2025-06-16 13:01:00,2025-06-19 04:01:00,2025-06-17 17:31:00,Delivered
PK-00055,Faisalabad,Punjab,Groceries,Card,39560.37,2025-05-25 21:29:00,2025-05-26 22:29:00,2025-05-29 21:29:00,2025-05-30 03:48:00,Delivered
PK-00056,Quetta,Balochistan,Home,Card,5355.57,2025-01-07 21:36:00,2025-01-08 21:36:00,2025-01-13 21:36:00,2025-01-12 04:42:00,Delivered
PK-00057,Lahore,Punjab,Beauty,Cash on Delivery,22862.0,2025-03-19 20:38:00,2025-03-20 11:38:00,2025-03-22 20:38:00,2025-03-22 21:38:00,Delivered
PK-00058,Multan,Punjab,Books,Card,28560.7,2025-05-06 08:23:00,2025-05-07 09:23:00,2025-05-10 08:23:00,2025-05-11 02:04:00,Delivered
PK-00059,Quetta,Balochistan,Books,Bank Transfer,21254.76,2025-05-18 19:29:00,2025-05-19 04:29:00,2025-05-24 19:29:00,2025-05-24 18:44:00,Delivered
PK-00060,Peshawar,Khyber Pakhtunkhwa,Electronics,Digital Wallet,55379.01,2025-05-26 17:24:00,2025-05-27 00:24:00,2025-05-31 17:24:00,2025-05-31 15:37:00,Delivered
PK-00061,Faisalabad,Punjab,Beauty,Cash on Delivery,33798.29,2025-03-08 13:56:00,2025-03-08 21:56:00,2025-03-12 13:56:00,2025-03-14 13:31:00,Delivered
PK-00062,Multan,Punjab,Home,Cash on Delivery,6456.59,2025-06-26 15:45:00,2025-06-27 00:45:00,2025-06-30 15:45:00,2025-07-01 13:29:00,Delivered
PK-00063,Peshawar,Khyber Pakhtunkhwa,Home,Bank Transfer,23159.37,2025-06-19 17:30:00,2025-06-20 09:30:00,2025-06-24 17:30:00,2025-06-24 13:16:00,Delivered
PK-00064,Islamabad,ICT,Fashion,Card,48126.93,2025-01-31 19:48:00,2025-02-01 05:48:00,2025-02-03 19:48:00,2025-02-04 22:26:00,Delivered
PK-00065,Rawalpindi,Punjab,Groceries,Card,19961.37,2025-01-26 20:18:00,2025-01-27 20:18:00,2025-01-29 20:18:00,2025-01-28 21:53:00,Delivered
PK-00066,Multan,Punjab,Electronics,Cash on Delivery,37505.85,2025-02-02 17:48:00,2025-02-03 10:48:00,2025-02-06 17:48:00,2025-02-07 02:16:00,Delivered
PK-00067,Multan,Punjab,Electronics,Cash on Delivery,26315.67,2025-01-14 11:55:00,2025-01-14 15:55:00,2025-01-18 11:55:00,2025-01-15 20:04:00,Delivered
PK-00068,Lahore,Punjab,Beauty,Digital Wallet,39587.8,2025-03-19 07:15:00,2025-03-20 10:15:00,2025-03-22 07:15:00,2025-03-21 18:04:00,Delivered
PK-00069,Quetta,Balochistan,Groceries,Cash on Delivery,39801.68,2025-04-26 21:19:00,2025-04-27 22:19:00,2025-05-02 21:19:00,2025-05-05 04:35:00,Delivered
PK-00070,Lahore,Punjab,Fashion,Cash on Delivery,26819.81,2025-02-10 11:35:00,,2025-02-13 11:35:00,,Cancelled
PK-00071,Multan,Punjab,Electronics,Card,60088.46,2025-03-15 18:44:00,2025-03-16 21:44:00,2025-03-19 18:44:00,2025-03-20 04:11:00,Delivered
PK-00072,Faisalabad,Punjab,Fashion,Cash on Delivery,4299.64,2025-02-27 18:58:00,2025-02-28 21:58:00,2025-03-03 18:58:00,2025-03-02 07:36:00,Delivered
PK-00073,Lahore,Punjab,Home,Bank Transfer,45617.81,2025-05-26 21:28:00,,2025-05-29 21:28:00,,Cancelled
PK-00074,Faisalabad,Punjab,Electronics,Cash on Delivery,15227.07,2025-04-21 19:38:00,2025-04-22 18:38:00,2025-04-25 19:38:00,2025-04-25 19:26:00,Delivered
PK-00075,Islamabad,ICT,Home,Digital Wallet,59582.5,2025-03-10 17:48:00,2025-03-11 00:48:00,2025-03-13 17:48:00,2025-03-14 15:53:00,Delivered
PK-00076,Lahore,Punjab,Fashion,Bank Transfer,27021.69,2025-04-15 12:42:00,2025-04-16 05:42:00,2025-04-18 12:42:00,2025-04-18 15:24:00,Delivered
PK-00077,Peshawar,Khyber Pakhtunkhwa,Groceries,Bank Transfer,7932.74,2025-05-21 04:05:00,2025-05-22 06:05:00,2025-05-26 04:05:00,2025-05-25 06:47:00,Delivered
PK-00078,Peshawar,Khyber Pakhtunkhwa,Beauty,Digital Wallet,40820.13,2025-04-29 14:12:00,2025-04-30 16:12:00,2025-05-04 14:12:00,2025-05-05 17:25:00,Delivered
PK-00079,Multan,Punjab,Electronics,Cash on Delivery,63266.63,2025-02-03 21:28:00,,2025-02-07 21:28:00,,Cancelled
PK-00080,Lahore,Punjab,Home,Cash on Delivery,42259.66,2025-04-15 07:53:00,2025-04-15 13:53:00,2025-04-18 07:53:00,2025-04-17 05:52:00,Delivered
PK-00081,Multan,Punjab,Home,Card,29935.57,2025-05-11 18:26:00,2025-05-12 00:26:00,2025-05-15 18:26:00,2025-05-13 17:13:00,Delivered
PK-00082,Quetta,Balochistan,Groceries,Bank Transfer,53416.47,2025-01-18 11:50:00,2025-01-18 22:50:00,2025-01-24 11:50:00,2025-01-26 08:43:00,Delivered
PK-00083,Multan,Punjab,Beauty,Digital Wallet,22727.75,2025-06-18 15:09:00,2025-06-19 10:09:00,2025-06-22 15:09:00,2025-06-22 21:04:00,Delivered
PK-00084,Rawalpindi,Punjab,Home,Cash on Delivery,20988.28,2025-06-28 11:24:00,2025-06-29 04:24:00,2025-07-01 11:24:00,2025-06-30 16:48:00,Delivered
PK-00085,Karachi,Sindh,Fashion,Bank Transfer,56589.16,2025-06-16 22:31:00,2025-06-18 03:31:00,2025-06-19 22:31:00,2025-06-20 17:31:00,Delivered
PK-00086,Lahore,Punjab,Home,Bank Transfer,22304.13,2025-04-15 20:09:00,2025-04-16 20:09:00,2025-04-18 20:09:00,2025-04-19 08:50:00,Delivered
PK-00087,Quetta,Balochistan,Groceries,Digital Wallet,56762.32,2025-03-26 20:54:00,2025-03-26 23:54:00,2025-04-01 20:54:00,2025-03-31 09:08:00,Delivered
PK-00088,Lahore,Punjab,Home,Card,45247.78,2025-04-22 22:48:00,2025-04-24 04:48:00,2025-04-25 22:48:00,2025-04-25 04:50:00,Delivered
PK-00089,Quetta,Balochistan,Fashion,Card,34736.79,2025-01-15 12:23:00,2025-01-16 08:23:00,2025-01-21 12:23:00,2025-01-21 13:28:00,Delivered
PK-00090,Multan,Punjab,Beauty,Card,15437.76,2025-04-08 17:15:00,2025-04-09 15:15:00,2025-04-12 17:15:00,2025-04-11 23:44:00,Delivered
PK-00091,Faisalabad,Punjab,Books,Card,5217.79,2025-01-03 21:29:00,2025-01-04 10:29:00,2025-01-07 21:29:00,2025-01-09 00:13:00,Delivered
PK-00092,Multan,Punjab,Electronics,Card,25067.07,2025-03-19 10:24:00,2025-03-19 23:24:00,2025-03-23 10:24:00,2025-03-23 09:08:00,Delivered
PK-00093,Karachi,Sindh,Beauty,Digital Wallet,54209.75,2025-06-18 14:00:00,2025-06-19 20:00:00,2025-06-21 14:00:00,2025-06-21 07:14:00,Delivered
PK-00094,Islamabad,ICT,Books,Cash on Delivery,58764.71,2025-06-08 11:48:00,2025-06-09 09:48:00,2025-06-11 11:48:00,2025-06-13 11:07:00,Delivered
PK-00095,Islamabad,ICT,Electronics,Bank Transfer,21539.72,2025-01-09 17:46:00,2025-01-10 08:46:00,2025-01-12 17:46:00,2025-01-12 20:19:00,Delivered
PK-00096,Multan,Punjab,Groceries,Bank Transfer,52363.21,2025-03-11 20:16:00,2025-03-12 12:16:00,2025-03-15 20:16:00,2025-03-16 14:25:00,Delivered
PK-00097,Quetta,Balochistan,Beauty,Bank Transfer,6279.05,2025-02-27 20:46:00,2025-02-28 10:46:00,2025-03-05 20:46:00,2025-03-08 01:09:00,Delivered
PK-00098,Peshawar,Khyber Pakhtunkhwa,Electronics,Card,30883.83,2025-06-22 11:24:00,2025-06-23 08:24:00,2025-06-27 11:24:00,2025-06-27 19:22:00,Delivered
PK-00099,Multan,Punjab,Books,Bank Transfer,42358.41,2025-06-15 06:52:00,2025-06-15 11:52:00,2025-06-19 06:52:00,2025-06-20 21:23:00,Delivered
PK-00100,Quetta,Balochistan,Home,Bank Transfer,43729.89,2025-03-02 20:08:00,2025-03-03 21:08:00,2025-03-08 20:08:00,2025-03-11 10:45:00,Delivered
PK-00101,Lahore,Punjab,Home,Digital Wallet,61065.88,2025-02-09 20:41:00,2025-02-10 06:41:00,2025-02-12 20:41:00,2025-02-13 21:09:00,Delivered
PK-00102,Peshawar,Khyber Pakhtunkhwa,Beauty,Bank Transfer,4358.51,2025-04-03 08:43:00,2025-04-03 18:43:00,2025-04-08 08:43:00,2025-04-08 00:50:00,Delivered
PK-00103,Karachi,Sindh,Electronics,Bank Transfer,16172.37,2025-04-27 07:13:00,2025-04-27 13:13:00,2025-04-30 07:13:00,2025-04-29 19:50:00,Delivered
PK-00104,Karachi,Sindh,Groceries,Card,64194.89,2025-03-01 12:09:00,2025-03-02 07:09:00,2025-03-04 12:09:00,2025-03-03 16:00:00,Delivered
PK-00105,Karachi,Sindh,Groceries,Card,38460.46,2025-06-19 20:08:00,2025-06-19 22:08:00,2025-06-22 20:08:00,2025-06-22 11:41:00,Delivered
PK-00106,Peshawar,Khyber Pakhtunkhwa,Beauty,Cash on Delivery,29626.95,2025-01-17 15:49:00,2025-01-18 00:49:00,2025-01-22 15:49:00,2025-01-22 02:35:00,Delivered
PK-00107,Karachi,Sindh,Electronics,Digital Wallet,55143.12,2025-06-18 16:29:00,2025-06-19 07:29:00,2025-06-21 16:29:00,2025-06-20 21:33:00,Delivered
PK-00108,Islamabad,ICT,Groceries,Bank Transfer,25037.38,2025-03-24 17:04:00,2025-03-25 14:04:00,2025-03-27 17:04:00,2025-03-27 06:22:00,Delivered
PK-00109,Lahore,Punjab,Books,Card,28211.01,2025-06-04 14:50:00,2025-06-05 20:50:00,2025-06-07 14:50:00,2025-06-08 11:15:00,Delivered
PK-00110,Faisalabad,Punjab,Groceries,Card,44784.3,2025-01-25 12:20:00,2025-01-26 05:20:00,2025-01-29 12:20:00,2025-01-30 07:25:00,Delivered
PK-00111,Peshawar,Khyber Pakhtunkhwa,Fashion,Cash on Delivery,38306.32,2025-01-24 14:47:00,2025-01-25 09:47:00,2025-01-29 14:47:00,2025-01-27 23:09:00,Delivered
PK-00112,Karachi,Sindh,Groceries,Bank Transfer,23148.76,2025-04-19 20:46:00,2025-04-20 16:46:00,2025-04-22 20:46:00,2025-04-22 08:59:00,Delivered
PK-00113,Peshawar,Khyber Pakhtunkhwa,Beauty,Bank Transfer,7865.85,2025-05-04 11:06:00,2025-05-04 21:06:00,2025-05-09 11:06:00,2025-05-06 21:44:00,Delivered
PK-00114,Faisalabad,Punjab,Books,Bank Transfer,59935.25,2025-06-27 11:11:00,2025-06-28 00:11:00,2025-07-01 11:11:00,2025-06-30 00:22:00,Delivered
PK-00115,Islamabad,ICT,Books,Cash on Delivery,6372.96,2025-05-25 18:04:00,2025-05-26 12:04:00,2025-05-28 18:04:00,2025-05-28 22:14:00,Delivered
PK-00116,Lahore,Punjab,Electronics,Card,10610.81,2025-03-25 19:36:00,2025-03-26 16:36:00,2025-03-28 19:36:00,2025-03-29 18:19:00,Delivered
PK-00117,Multan,Punjab,Home,Bank Transfer,14364.98,2025-04-24 18:31:00,2025-04-25 12:31:00,2025-04-28 18:31:00,2025-04-29 22:14:00,Delivered
PK-00118,Karachi,Sindh,Fashion,Digital Wallet,63995.97,2025-05-05 16:19:00,2025-05-05 19:19:00,2025-05-08 16:19:00,2025-05-08 19:32:00,Delivered
PK-00119,Faisalabad,Punjab,Groceries,Bank Transfer,8194.99,2025-02-24 19:48:00,2025-02-25 12:48:00,2025-02-28 19:48:00,2025-03-01 01:22:00,Delivered
PK-00120,Peshawar,Khyber Pakhtunkhwa,Electronics,Digital Wallet,56076.89,2025-05-09 16:42:00,2025-05-09 19:42:00,2025-05-14 16:42:00,2025-05-13 08:43:00,Delivered
PK-00121,Quetta,Balochistan,Beauty,Digital Wallet,46248.16,2025-01-20 20:36:00,2025-01-21 11:36:00,2025-01-26 20:36:00,2025-01-26 21:46:00,Delivered
PK-00122,Peshawar,Khyber Pakhtunkhwa,Electronics,Digital Wallet,54961.47,2025-06-08 15:44:00,2025-06-09 00:44:00,2025-06-13 15:44:00,2025-06-14 14:21:00,Delivered
PK-00123,Peshawar,Khyber Pakhtunkhwa,Fashion,Bank Transfer,50742.06,2025-01-21 14:19:00,2025-01-21 18:19:00,2025-01-26 14:19:00,2025-01-25 10:31:00,Delivered
PK-00124,Islamabad,ICT,Fashion,Cash on Delivery,9902.97,2025-03-31 13:52:00,2025-03-31 21:52:00,2025-04-03 13:52:00,2025-04-03 03:30:00,Delivered
PK-00125,Multan,Punjab,Home,Digital Wallet,44417.17,2025-06-17 07:49:00,2025-06-18 13:49:00,2025-06-21 07:49:00,2025-06-20 00:44:00,Delivered
PK-00126,Multan,Punjab,Home,Bank Transfer,51853.08,2025-03-22 09:04:00,2025-03-23 05:04:00,2025-03-26 09:04:00,2025-03-25 06:26:00,Delivered
PK-00127,Karachi,Sindh,Groceries,Bank Transfer,5402.99,2025-03-21 15:02:00,2025-03-22 20:02:00,2025-03-24 15:02:00,2025-03-26 12:26:00,Delivered
PK-00128,Karachi,Sindh,Home,Card,21204.55,2025-05-22 22:47:00,2025-05-23 15:47:00,2025-05-25 22:47:00,2025-05-26 07:56:00,Delivered
PK-00129,Peshawar,Khyber Pakhtunkhwa,Books,Cash on Delivery,33018.64,2025-04-26 08:57:00,2025-04-26 15:57:00,2025-05-01 08:57:00,2025-05-03 06:30:00,Delivered
PK-00130,Faisalabad,Punjab,Home,Digital Wallet,50441.7,2025-02-10 13:58:00,2025-02-11 12:58:00,2025-02-14 13:58:00,2025-02-14 14:48:00,Delivered
PK-00131,Quetta,Balochistan,Groceries,Bank Transfer,47167.01,2025-03-27 06:06:00,2025-03-28 05:06:00,2025-04-02 06:06:00,2025-04-04 09:27:00,Delivered
PK-00132,Faisalabad,Punjab,Books,Digital Wallet,8773.83,2025-06-19 09:22:00,2025-06-20 09:22:00,2025-06-23 09:22:00,2025-06-23 11:41:00,Delivered
PK-00133,Islamabad,ICT,Books,Cash on Delivery,42150.9,2025-06-14 19:52:00,2025-06-15 10:52:00,2025-06-17 19:52:00,2025-06-17 20:03:00,Delivered
PK-00134,Rawalpindi,Punjab,Fashion,Card,10451.71,2025-03-29 21:31:00,2025-03-30 08:31:00,2025-04-01 21:31:00,2025-04-01 12:03:00,Delivered
PK-00135,Islamabad,ICT,Beauty,Digital Wallet,10407.02,2025-05-15 04:21:00,2025-05-15 11:21:00,2025-05-18 04:21:00,2025-05-18 17:07:00,Delivered
PK-00136,Rawalpindi,Punjab,Home,Bank Transfer,49016.85,2025-04-16 13:46:00,2025-04-17 16:46:00,2025-04-19 13:46:00,2025-04-19 07:00:00,Delivered
PK-00137,Multan,Punjab,Fashion,Bank Transfer,44234.71,2025-03-21 22:50:00,2025-03-22 18:50:00,2025-03-25 22:50:00,2025-03-27 04:39:00,Delivered
PK-00138,Rawalpindi,Punjab,Beauty,Card,56802.27,2025-05-16 14:10:00,2025-05-16 17:10:00,2025-05-19 14:10:00,2025-05-19 09:05:00,Delivered
PK-00139,Lahore,Punjab,Groceries,Cash on Delivery,49709.19,2025-01-27 18:33:00,2025-01-28 04:33:00,2025-01-30 18:33:00,2025-01-29 17:38:00,Delivered
PK-00140,Peshawar,Khyber Pakhtunkhwa,Electronics,Digital Wallet,3887.73,2025-02-26 20:56:00,2025-02-27 14:56:00,2025-03-03 20:56:00,2025-03-04 02:11:00,Delivered
PK-00141,Peshawar,Khyber Pakhtunkhwa,Electronics,Bank Transfer,51533.62,2025-01-21 13:01:00,2025-01-21 19:01:00,2025-01-26 13:01:00,2025-01-29 10:45:00,Delivered
PK-00142,Lahore,Punjab,Electronics,Bank Transfer,14370.51,2025-05-01 15:00:00,2025-05-01 21:00:00,2025-05-04 15:00:00,2025-05-05 13:27:00,Delivered
PK-00143,Karachi,Sindh,Fashion,Digital Wallet,41694.33,2025-03-15 11:07:00,2025-03-16 08:07:00,2025-03-18 11:07:00,2025-03-17 23:45:00,Delivered
PK-00144,Islamabad,ICT,Groceries,Digital Wallet,550.98,2025-06-11 16:15:00,2025-06-12 05:15:00,2025-06-14 16:15:00,2025-06-14 12:51:00,Delivered
PK-00145,Peshawar,Khyber Pakhtunkhwa,Electronics,Cash on Delivery,25653.79,2025-06-20 18:33:00,2025-06-21 11:33:00,2025-06-25 18:33:00,2025-06-26 22:49:00,Delivered
PK-00146,Rawalpindi,Punjab,Books,Cash on Delivery,50250.41,2025-04-02 19:22:00,,2025-04-05 19:22:00,,Cancelled
PK-00147,Islamabad,ICT,Books,Digital Wallet,63761.88,2025-05-20 12:41:00,2025-05-21 05:41:00,2025-05-23 12:41:00,2025-05-22 08:26:00,Delivered
PK-00148,Karachi,Sindh,Fashion,Cash on Delivery,20821.71,2025-04-28 04:12:00,2025-04-28 15:12:00,2025-05-01 04:12:00,2025-04-30 07:37:00,Delivered
PK-00149,Rawalpindi,Punjab,Groceries,Bank Transfer,56101.04,2025-05-20 15:02:00,2025-05-20 18:02:00,2025-05-23 15:02:00,2025-05-23 21:53:00,Delivered
PK-00150,Quetta,Balochistan,Groceries,Card,32479.92,2025-04-13 19:57:00,2025-04-14 12:57:00,2025-04-19 19:57:00,2025-04-19 00:56:00,Delivered
PK-00151,Quetta,Balochistan,Electronics,Digital Wallet,39338.36,2025-03-10 19:46:00,2025-03-11 23:46:00,2025-03-16 19:46:00,2025-03-17 02:51:00,Delivered
PK-00152,Quetta,Balochistan,Fashion,Digital Wallet,23142.36,2025-03-17 12:38:00,2025-03-17 15:38:00,2025-03-23 12:38:00,2025-03-24 03:17:00,Delivered
PK-00153,Karachi,Sindh,Electronics,Digital Wallet,23901.73,2025-03-12 17:50:00,2025-03-13 20:50:00,2025-03-15 17:50:00,2025-03-15 20:59:00,Delivered
PK-00154,Islamabad,ICT,Electronics,Card,50703.17,2025-06-23 19:02:00,2025-06-24 08:02:00,2025-06-26 19:02:00,2025-06-25 19:26:00,Delivered
PK-00155,Multan,Punjab,Groceries,Bank Transfer,29106.28,2025-01-09 17:43:00,2025-01-09 21:43:00,2025-01-13 17:43:00,2025-01-12 10:03:00,Delivered
PK-00156,Islamabad,ICT,Home,Digital Wallet,59419.17,2025-03-05 22:01:00,2025-03-06 03:01:00,2025-03-08 22:01:00,2025-03-07 11:50:00,Delivered
PK-00157,Faisalabad,Punjab,Books,Digital Wallet,13371.51,2025-04-25 10:39:00,2025-04-25 16:39:00,2025-04-29 10:39:00,2025-04-30 06:44:00,Delivered
PK-00158,Lahore,Punjab,Beauty,Bank Transfer,57985.46,2025-03-23 18:45:00,2025-03-24 23:45:00,2025-03-26 18:45:00,2025-03-26 05:30:00,Delivered
PK-00159,Peshawar,Khyber Pakhtunkhwa,Beauty,Card,8283.95,2025-06-29 17:50:00,2025-06-30 01:50:00,2025-07-04 17:50:00,2025-07-04 16:51:00,Delivered
PK-00160,Islamabad,ICT,Beauty,Cash on Delivery,4694.04,2025-05-27 13:51:00,2025-05-28 03:51:00,2025-05-30 13:51:00,2025-05-29 19:24:00,Delivered
PK-00161,Islamabad,ICT,Groceries,Cash on Delivery,29495.85,2025-04-15 20:04:00,2025-04-16 19:04:00,2025-04-18 20:04:00,2025-04-18 00:53:00,Delivered
PK-00162,Karachi,Sindh,Electronics,Card,20081.24,2025-04-21 16:55:00,2025-04-21 23:55:00,2025-04-24 16:55:00,2025-04-24 10:54:00,Delivered
PK-00163,Faisalabad,Punjab,Electronics,Bank Transfer,13121.29,2025-03-30 21:33:00,2025-03-31 16:33:00,2025-04-03 21:33:00,2025-04-03 19:05:00,Delivered
PK-00164,Islamabad,ICT,Books,Bank Transfer,54835.31,2025-06-01 21:09:00,2025-06-02 17:09:00,2025-06-04 21:09:00,2025-06-06 19:01:00,Delivered
PK-00165,Faisalabad,Punjab,Books,Card,49957.2,2025-01-21 05:41:00,2025-01-21 20:41:00,2025-01-25 05:41:00,2025-01-25 06:22:00,Delivered
PK-00166,Quetta,Balochistan,Groceries,Digital Wallet,5160.41,2025-05-04 11:51:00,2025-05-04 14:51:00,2025-05-10 11:51:00,2025-05-09 20:19:00,Delivered
PK-00167,Islamabad,ICT,Groceries,Bank Transfer,47842.59,2025-04-29 10:38:00,2025-04-30 15:38:00,2025-05-02 10:38:00,2025-05-02 03:10:00,Delivered
PK-00168,Faisalabad,Punjab,Home,Card,9543.65,2025-03-23 11:07:00,2025-03-23 14:07:00,2025-03-27 11:07:00,2025-03-27 23:31:00,Delivered
PK-00169,Islamabad,ICT,Groceries,Bank Transfer,12703.79,2025-04-18 11:55:00,2025-04-18 18:55:00,2025-04-21 11:55:00,2025-04-20 10:51:00,Delivered
PK-00170,Multan,Punjab,Fashion,Card,38104.86,2025-01-06 07:25:00,2025-01-06 10:25:00,2025-01-10 07:25:00,2025-01-09 11:43:00,Delivered
PK-00171,Karachi,Sindh,Electronics,Digital Wallet,9095.5,2025-06-17 18:18:00,2025-06-18 04:18:00,2025-06-20 18:18:00,2025-06-20 15:20:00,Delivered
PK-00172,Faisalabad,Punjab,Electronics,Digital Wallet,32999.69,2025-05-26 16:23:00,2025-05-27 18:23:00,2025-05-30 16:23:00,2025-05-29 03:15:00,Delivered
PK-00173,Lahore,Punjab,Home,Bank Transfer,51760.62,2025-06-24 17:08:00,2025-06-25 05:08:00,2025-06-27 17:08:00,2025-06-26 09:20:00,Delivered
PK-00174,Karachi,Sindh,Fashion,Bank Transfer,52346.0,2025-04-13 16:02:00,2025-04-14 10:02:00,2025-04-16 16:02:00,2025-04-17 00:11:00,Delivered
PK-00175,Peshawar,Khyber Pakhtunkhwa,Fashion,Digital Wallet,64394.25,2025-05-12 09:59:00,2025-05-13 10:59:00,2025-05-17 09:59:00,2025-05-19 03:52:00,Delivered
PK-00176,Multan,Punjab,Electronics,Bank Transfer,21831.52,2025-05-06 18:19:00,2025-05-06 23:19:00,2025-05-10 18:19:00,2025-05-09 12:56:00,Delivered
PK-00177,Multan,Punjab,Groceries,Card,47016.38,2025-06-26 17:38:00,2025-06-27 13:38:00,2025-06-30 17:38:00,2025-06-29 01:47:00,Delivered
PK-00178,Lahore,Punjab,Fashion,Cash on Delivery,28919.04,2025-03-04 03:44:00,2025-03-04 18:44:00,2025-03-07 03:44:00,2025-03-06 23:10:00,Delivered
PK-00179,Multan,Punjab,Books,Cash on Delivery,46007.79,2025-04-16 16:39:00,2025-04-17 10:39:00,2025-04-20 16:39:00,2025-04-21 02:12:00,Delivered
PK-00180,Peshawar,Khyber Pakhtunkhwa,Beauty,Bank Transfer,44077.32,2025-02-14 15:34:00,2025-02-15 20:34:00,2025-02-19 15:34:00,2025-02-21 05:13:00,Delivered
PK-00181,Rawalpindi,Punjab,Groceries,Bank Transfer,45951.36,2025-03-05 11:19:00,2025-03-06 11:19:00,2025-03-08 11:19:00,2025-03-08 22:54:00,Delivered
PK-00182,Quetta,Balochistan,Home,Bank Transfer,62070.0,2025-03-12 12:36:00,,2025-03-18 12:36:00,,Cancelled
PK-00183,Faisalabad,Punjab,Books,Digital Wallet,14262.85,2025-01-21 13:28:00,2025-01-22 17:28:00,2025-01-25 13:28:00,2025-01-24 01:36:00,Delivered
PK-00184,Rawalpindi,Punjab,Books,Card,3838.3,2025-05-31 11:03:00,2025-06-01 02:03:00,2025-06-03 11:03:00,2025-06-02 12:48:00,Delivered
PK-00185,Islamabad,ICT,Home,Digital Wallet,31269.3,2025-06-24 19:00:00,2025-06-25 03:00:00,2025-06-27 19:00:00,2025-06-27 12:41:00,Delivered
PK-00186,Karachi,Sindh,Fashion,Digital Wallet,57398.91,2025-01-23 18:14:00,2025-01-24 01:14:00,2025-01-26 18:14:00,2025-01-25 03:07:00,Delivered
PK-00187,Faisalabad,Punjab,Electronics,Cash on Delivery,19711.22,2025-05-07 10:47:00,2025-05-08 07:47:00,2025-05-11 10:47:00,2025-05-14 17:16:00,Delivered
PK-00188,Islamabad,ICT,Beauty,Digital Wallet,18061.63,2025-05-20 16:56:00,2025-05-21 19:56:00,2025-05-23 16:56:00,2025-05-25 23:17:00,Delivered
PK-00189,Islamabad,ICT,Electronics,Bank Transfer,51494.05,2025-04-28 18:45:00,2025-04-29 14:45:00,2025-05-01 18:45:00,2025-05-02 03:37:00,Delivered
PK-00190,Lahore,Punjab,Fashion,Card,31269.66,2025-03-25 07:42:00,2025-03-25 16:42:00,2025-03-28 07:42:00,2025-03-26 16:58:00,Delivered
PK-00191,Faisalabad,Punjab,Beauty,Cash on Delivery,17333.26,2025-04-25 19:21:00,2025-04-26 08:21:00,2025-04-29 19:21:00,2025-04-29 11:50:00,Delivered
PK-00192,Faisalabad,Punjab,Books,Cash on Delivery,41678.82,2025-04-14 18:59:00,2025-04-15 05:59:00,2025-04-18 18:59:00,2025-04-18 17:38:00,Delivered
PK-00193,Peshawar,Khyber Pakhtunkhwa,Home,Digital Wallet,49336.98,2025-02-04 15:29:00,2025-02-05 18:29:00,2025-02-09 15:29:00,2025-02-10 02:12:00,Delivered
PK-00194,Peshawar,Khyber Pakhtunkhwa,Electronics,Cash on Delivery,4436.48,2025-01-21 16:33:00,2025-01-22 11:33:00,2025-01-26 16:33:00,2025-01-26 03:45:00,Delivered
PK-00195,Multan,Punjab,Electronics,Card,46727.05,2025-02-08 09:54:00,2025-02-09 02:54:00,2025-02-12 09:54:00,2025-02-13 04:23:00,Delivered
PK-00196,Multan,Punjab,Books,Bank Transfer,47137.73,2025-04-17 15:03:00,,2025-04-21 15:03:00,,Cancelled
PK-00197,Quetta,Balochistan,Groceries,Cash on Delivery,35382.1,2025-02-25 17:02:00,2025-02-25 20:02:00,2025-03-03 17:02:00,2025-03-03 11:04:00,Delivered
PK-00198,Quetta,Balochistan,Groceries,Digital Wallet,29403.07,2025-02-16 19:49:00,2025-02-17 09:49:00,2025-02-22 19:49:00,2025-02-22 21:54:00,Delivered
PK-00199,Peshawar,Khyber Pakhtunkhwa,Electronics,Card,64538.26,2025-06-19 20:08:00,,2025-06-24 20:08:00,,Cancelled
PK-00200,Quetta,Balochistan,Beauty,Digital Wallet,53597.92,2025-01-06 22:29:00,2025-01-07 07:29:00,2025-01-12 22:29:00,2025-01-12 21:51:00,Delivered
PK-00201,Lahore,Punjab,Electronics,Digital Wallet,40143.29,2025-02-18 21:46:00,2025-02-20 03:46:00,2025-02-21 21:46:00,2025-02-23 05:52:00,Delivered
PK-00202,Karachi,Sindh,Fashion,Cash on Delivery,26416.23,2025-04-25 17:45:00,2025-04-26 02:45:00,2025-04-28 17:45:00,2025-04-27 09:33:00,Delivered
PK-00203,Rawalpindi,Punjab,Books,Bank Transfer,37726.0,2025-01-15 09:18:00,2025-01-16 11:18:00,2025-01-18 09:18:00,2025-01-17 21:14:00,Delivered
PK-00204,Faisalabad,Punjab,Groceries,Cash on Delivery,36386.15,2025-06-19 16:26:00,2025-06-20 12:26:00,2025-06-23 16:26:00,2025-06-22 18:06:00,Delivered
PK-00205,Quetta,Balochistan,Beauty,Bank Transfer,45396.71,2025-05-23 15:22:00,2025-05-24 06:22:00,2025-05-29 15:22:00,2025-05-30 21:37:00,Delivered
PK-00206,Multan,Punjab,Electronics,Digital Wallet,62920.6,2025-03-18 20:09:00,2025-03-19 15:09:00,2025-03-22 20:09:00,2025-03-24 07:17:00,Delivered
PK-00207,Lahore,Punjab,Home,Bank Transfer,6418.55,2025-03-07 10:41:00,2025-03-08 11:41:00,2025-03-10 10:41:00,2025-03-11 00:24:00,Delivered
PK-00208,Rawalpindi,Punjab,Home,Card,56574.54,2025-01-11 20:12:00,,2025-01-14 20:12:00,,Cancelled
PK-00209,Multan,Punjab,Fashion,Card,26052.6,2025-02-18 22:07:00,2025-02-19 07:07:00,2025-02-22 22:07:00,2025-02-20 19:36:00,Delivered
PK-00210,Multan,Punjab,Home,Cash on Delivery,52271.81,2025-04-02 12:23:00,2025-04-03 13:23:00,2025-04-06 12:23:00,2025-04-06 05:11:00,Delivered
PK-00211,Karachi,Sindh,Beauty,Card,48297.84,2025-02-22 13:26:00,2025-02-22 15:26:00,2025-02-25 13:26:00,2025-02-25 04:44:00,Delivered
PK-00212,Rawalpindi,Punjab,Home,Bank Transfer,17060.44,2025-03-26 11:36:00,2025-03-27 15:36:00,2025-03-29 11:36:00,2025-04-02 07:22:00,Delivered
PK-00213,Peshawar,Khyber Pakhtunkhwa,Fashion,Card,46946.24,2025-05-06 15:46:00,,2025-05-11 15:46:00,,Cancelled
PK-00214,Karachi,Sindh,Electronics,Digital Wallet,9325.08,2025-01-20 21:42:00,2025-01-21 19:42:00,2025-01-23 21:42:00,2025-01-26 02:46:00,Delivered
PK-00215,Peshawar,Khyber Pakhtunkhwa,Electronics,Digital Wallet,43006.8,2025-01-03 10:29:00,2025-01-03 12:29:00,2025-01-08 10:29:00,2025-01-09 12:30:00,Delivered
PK-00216,Karachi,Sindh,Beauty,Digital Wallet,52488.12,2025-03-12 16:18:00,2025-03-12 23:18:00,2025-03-15 16:18:00,2025-03-15 03:16:00,Delivered
PK-00217,Faisalabad,Punjab,Groceries,Bank Transfer,51763.14,2025-02-08 11:39:00,2025-02-08 15:39:00,2025-02-12 11:39:00,2025-02-10 23:23:00,Delivered
PK-00218,Karachi,Sindh,Electronics,Digital Wallet,24931.49,2025-06-25 20:05:00,2025-06-26 15:05:00,2025-06-28 20:05:00,2025-06-30 06:08:00,Delivered
PK-00219,Quetta,Balochistan,Books,Bank Transfer,36976.05,2025-06-29 10:31:00,2025-06-30 15:31:00,2025-07-05 10:31:00,2025-07-08 16:45:00,Delivered
PK-00220,Faisalabad,Punjab,Electronics,Cash on Delivery,44629.88,2025-06-27 20:30:00,2025-06-28 06:30:00,2025-07-01 20:30:00,2025-07-01 07:41:00,Delivered
PK-00221,Islamabad,ICT,Books,Digital Wallet,60408.88,2025-03-22 01:13:00,2025-03-22 12:13:00,2025-03-25 01:13:00,2025-03-25 00:56:00,Delivered
PK-00222,Islamabad,ICT,Books,Cash on Delivery,32776.18,2025-03-26 13:47:00,2025-03-27 02:47:00,2025-03-29 13:47:00,2025-03-30 03:53:00,Delivered
PK-00223,Quetta,Balochistan,Groceries,Cash on Delivery,41382.64,2025-01-20 13:49:00,2025-01-21 16:49:00,2025-01-26 13:49:00,2025-01-28 04:24:00,Delivered
PK-00224,Quetta,Balochistan,Electronics,Bank Transfer,51964.46,2025-04-21 10:37:00,2025-04-22 10:37:00,2025-04-27 10:37:00,2025-04-27 12:42:00,Delivered
PK-00225,Islamabad,ICT,Books,Digital Wallet,20891.58,2025-04-08 18:40:00,2025-04-08 23:40:00,2025-04-11 18:40:00,2025-04-14 14:03:00,Delivered
PK-00226,Quetta,Balochistan,Home,Digital Wallet,7117.56,2025-01-27 09:11:00,2025-01-27 13:11:00,2025-02-02 09:11:00,2025-02-04 00:46:00,Delivered
PK-00227,Quetta,Balochistan,Electronics,Bank Transfer,27161.44,2025-06-03 19:55:00,2025-06-04 21:55:00,2025-06-09 19:55:00,2025-06-12 05:31:00,Delivered
PK-00228,Faisalabad,Punjab,Groceries,Bank Transfer,32281.15,2025-06-25 13:08:00,2025-06-25 17:08:00,2025-06-29 13:08:00,2025-06-29 22:35:00,Delivered
PK-00229,Peshawar,Khyber Pakhtunkhwa,Groceries,Card,46984.06,2025-03-18 15:04:00,2025-03-19 08:04:00,2025-03-23 15:04:00,2025-03-22 11:12:00,Delivered
PK-00230,Quetta,Balochistan,Groceries,Digital Wallet,22057.22,2025-04-12 12:39:00,2025-04-13 16:39:00,2025-04-18 12:39:00,2025-04-18 20:58:00,Delivered
PK-00231,Islamabad,ICT,Home,Bank Transfer,19262.98,2025-06-27 10:20:00,2025-06-28 10:20:00,2025-06-30 10:20:00,2025-06-29 17:40:00,Delivered
PK-00232,Rawalpindi,Punjab,Beauty,Card,44454.55,2025-04-11 13:59:00,2025-04-12 08:59:00,2025-04-14 13:59:00,2025-04-13 09:45:00,Delivered
PK-00233,Lahore,Punjab,Home,Digital Wallet,9434.01,2025-02-23 14:18:00,2025-02-24 01:18:00,2025-02-26 14:18:00,2025-02-26 15:08:00,Delivered
PK-00234,Quetta,Balochistan,Beauty,Digital Wallet,35542.3,2025-04-25 23:30:00,2025-04-27 02:30:00,2025-05-01 23:30:00,2025-05-04 14:14:00,Delivered
PK-00235,Lahore,Punjab,Electronics,Card,42898.19,2025-05-18 17:58:00,2025-05-19 06:58:00,2025-05-21 17:58:00,2025-05-22 19:46:00,Delivered
PK-00236,Faisalabad,Punjab,Fashion,Card,29225.01,2025-04-21 08:06:00,2025-04-21 22:06:00,2025-04-25 08:06:00,2025-04-26 12:55:00,Delivered
PK-00237,Karachi,Sindh,Home,Cash on Delivery,19520.15,2025-06-26 16:22:00,2025-06-26 20:22:00,2025-06-29 16:22:00,2025-07-01 00:44:00,Delivered
PK-00238,Multan,Punjab,Groceries,Digital Wallet,6751.57,2025-04-27 19:33:00,2025-04-28 20:33:00,2025-05-01 19:33:00,2025-05-04 10:53:00,Delivered
PK-00239,Karachi,Sindh,Groceries,Cash on Delivery,44159.34,2025-01-12 19:07:00,2025-01-13 02:07:00,2025-01-15 19:07:00,2025-01-17 18:18:00,Delivered
PK-00240,Rawalpindi,Punjab,Home,Card,12481.28,2025-03-26 16:29:00,,2025-03-29 16:29:00,,Cancelled
PK-00241,Quetta,Balochistan,Home,Cash on Delivery,45940.68,2025-06-07 20:28:00,2025-06-08 04:28:00,2025-06-13 20:28:00,2025-06-13 07:04:00,Delivered
PK-00242,Rawalpindi,Punjab,Home,Cash on Delivery,17384.91,2025-05-18 10:20:00,2025-05-19 15:20:00,2025-05-21 10:20:00,2025-05-24 06:53:00,Delivered
PK-00243,Quetta,Balochistan,Beauty,Cash on Delivery,22908.54,2025-03-22 17:39:00,2025-03-23 22:39:00,2025-03-28 17:39:00,2025-03-28 08:37:00,Delivered
PK-00244,Lahore,Punjab,Fashion,Bank Transfer,7999.05,2025-01-22 18:20:00,2025-01-23 07:20:00,2025-01-25 18:20:00,2025-01-25 11:52:00,Delivered
PK-00245,Quetta,Balochistan,Fashion,Digital Wallet,41471.63,2025-06-02 09:24:00,2025-06-03 09:24:00,2025-06-08 09:24:00,2025-06-11 14:59:00,Delivered
PK-00246,Multan,Punjab,Beauty,Cash on Delivery,56319.46,2025-03-15 09:20:00,2025-03-15 11:20:00,2025-03-19 09:20:00,2025-03-18 02:28:00,Delivered
PK-00247,Multan,Punjab,Home,Digital Wallet,27278.94,2025-04-09 22:32:00,2025-04-11 02:32:00,2025-04-13 22:32:00,2025-04-13 03:22:00,Delivered
PK-00248,Faisalabad,Punjab,Fashion,Digital Wallet,36962.74,2025-03-16 03:14:00,2025-03-17 05:14:00,2025-03-20 03:14:00,2025-03-20 20:49:00,Delivered
PK-00249,Peshawar,Khyber Pakhtunkhwa,Beauty,Cash on Delivery,49508.27,2025-05-27 08:49:00,2025-05-28 00:49:00,2025-06-01 08:49:00,2025-05-29 04:36:00,Delivered
PK-00250,Multan,Punjab,Groceries,Bank Transfer,56104.99,2025-03-05 12:02:00,2025-03-05 16:02:00,2025-03-09 12:02:00,2025-03-08 06:57:00,Delivered
PK-00251,Peshawar,Khyber Pakhtunkhwa,Books,Digital Wallet,11164.11,2025-03-02 10:47:00,2025-03-02 16:47:00,2025-03-07 10:47:00,2025-03-06 18:23:00,Delivered
PK-00252,Peshawar,Khyber Pakhtunkhwa,Books,Bank Transfer,19126.46,2025-03-13 17:10:00,2025-03-14 03:10:00,2025-03-18 17:10:00,2025-03-16 20:07:00,Delivered
PK-00253,Quetta,Balochistan,Electronics,Bank Transfer,56417.92,2025-01-25 09:48:00,2025-01-25 15:48:00,2025-01-31 09:48:00,2025-01-30 20:33:00,Delivered
PK-00254,Quetta,Balochistan,Home,Card,37722.82,2025-03-05 19:43:00,2025-03-06 05:43:00,2025-03-11 19:43:00,2025-03-10 19:07:00,Delivered
PK-00255,Lahore,Punjab,Home,Bank Transfer,45293.12,2025-06-12 19:49:00,,2025-06-15 19:49:00,,Cancelled
PK-00256,Peshawar,Khyber Pakhtunkhwa,Electronics,Digital Wallet,14510.92,2025-01-24 19:29:00,2025-01-25 10:29:00,2025-01-29 19:29:00,2025-01-31 17:00:00,Delivered
PK-00257,Islamabad,ICT,Beauty,Digital Wallet,51335.0,2025-03-14 12:36:00,2025-03-15 18:36:00,2025-03-17 12:36:00,2025-03-17 22:16:00,Delivered
PK-00258,Islamabad,ICT,Home,Digital Wallet,493.63,2025-04-28 01:59:00,2025-04-28 16:59:00,2025-05-01 01:59:00,2025-04-30 23:43:00,Delivered
PK-00259,Faisalabad,Punjab,Electronics,Bank Transfer,16612.63,2025-06-16 12:55:00,2025-06-17 01:55:00,2025-06-20 12:55:00,2025-06-19 03:20:00,Delivered
PK-00260,Lahore,Punjab,Books,Cash on Delivery,520.12,2025-06-29 19:27:00,2025-06-30 12:27:00,2025-07-02 19:27:00,2025-07-01 14:35:00,Delivered
PK-00261,Karachi,Sindh,Books,Bank Transfer,53194.39,2025-05-13 18:00:00,2025-05-14 23:00:00,2025-05-16 18:00:00,2025-05-16 01:14:00,Delivered
PK-00262,Faisalabad,Punjab,Fashion,Digital Wallet,50376.87,2025-01-27 08:23:00,2025-01-28 10:23:00,2025-01-31 08:23:00,2025-01-31 15:04:00,Delivered
PK-00263,Karachi,Sindh,Beauty,Card,28858.42,2025-02-06 07:36:00,2025-02-07 08:36:00,2025-02-09 07:36:00,2025-02-09 22:15:00,Delivered
PK-00264,Islamabad,ICT,Electronics,Digital Wallet,23141.63,2025-02-25 07:06:00,2025-02-25 22:06:00,2025-02-28 07:06:00,2025-03-02 08:56:00,Delivered
PK-00265,Faisalabad,Punjab,Books,Cash on Delivery,55181.44,2025-03-12 18:15:00,2025-03-13 17:15:00,2025-03-16 18:15:00,2025-03-18 09:27:00,Delivered
PK-00266,Rawalpindi,Punjab,Home,Digital Wallet,7727.6,2025-03-17 18:50:00,2025-03-18 11:50:00,2025-03-20 18:50:00,2025-03-19 14:23:00,Delivered
PK-00267,Peshawar,Khyber Pakhtunkhwa,Fashion,Digital Wallet,56015.54,2025-01-04 23:59:00,2025-01-05 19:59:00,2025-01-09 23:59:00,2025-01-09 01:47:00,Delivered
PK-00268,Karachi,Sindh,Groceries,Card,3020.82,2025-01-19 01:04:00,2025-01-19 04:04:00,2025-01-22 01:04:00,2025-01-22 16:36:00,Delivered
PK-00269,Quetta,Balochistan,Electronics,Card,18360.54,2025-05-09 19:27:00,2025-05-10 06:27:00,2025-05-15 19:27:00,2025-05-17 11:01:00,Delivered
PK-00270,Lahore,Punjab,Groceries,Digital Wallet,47568.81,2025-05-31 17:53:00,2025-06-01 22:53:00,2025-06-03 17:53:00,2025-06-05 05:56:00,Delivered
PK-00271,Karachi,Sindh,Groceries,Card,8160.05,2025-04-22 08:39:00,2025-04-23 08:39:00,2025-04-25 08:39:00,2025-04-26 00:01:00,Delivered
PK-00272,Faisalabad,Punjab,Books,Cash on Delivery,50245.83,2025-03-08 09:08:00,2025-03-08 11:08:00,2025-03-12 09:08:00,2025-03-11 21:59:00,Delivered
PK-00273,Lahore,Punjab,Home,Digital Wallet,33420.97,2025-05-15 06:45:00,2025-05-15 09:45:00,2025-05-18 06:45:00,2025-05-16 20:55:00,Delivered
PK-00274,Lahore,Punjab,Fashion,Cash on Delivery,3292.65,2025-01-27 21:43:00,,2025-01-30 21:43:00,,Cancelled
PK-00275,Islamabad,ICT,Electronics,Digital Wallet,14942.46,2025-04-04 13:09:00,2025-04-04 22:09:00,2025-04-07 13:09:00,2025-04-06 07:01:00,Delivered
PK-00276,Karachi,Sindh,Fashion,Card,52370.02,2025-04-06 08:43:00,2025-04-06 11:43:00,2025-04-09 08:43:00,2025-04-09 23:47:00,Delivered
PK-00277,Peshawar,Khyber Pakhtunkhwa,Electronics,Digital Wallet,964.41,2025-03-14 19:19:00,2025-03-15 03:19:00,2025-03-19 19:19:00,2025-03-18 10:48:00,Delivered
PK-00278,Rawalpindi,Punjab,Books,Card,10169.06,2025-05-07 23:49:00,2025-05-08 14:49:00,2025-05-10 23:49:00,2025-05-12 15:03:00,Delivered
PK-00279,Karachi,Sindh,Groceries,Cash on Delivery,49438.88,2025-06-12 20:56:00,2025-06-13 10:56:00,2025-06-15 20:56:00,2025-06-16 14:09:00,Delivered
PK-00280,Islamabad,ICT,Books,Bank Transfer,6454.87,2025-03-02 14:03:00,2025-03-02 23:03:00,2025-03-05 14:03:00,2025-03-04 15:29:00,Delivered
PK-00281,Lahore,Punjab,Beauty,Cash on Delivery,33075.36,2025-04-06 15:47:00,2025-04-07 13:47:00,2025-04-09 15:47:00,2025-04-09 15:14:00,Delivered
PK-00282,Peshawar,Khyber Pakhtunkhwa,Home,Bank Transfer,20980.63,2025-02-03 11:16:00,2025-02-03 21:16:00,2025-02-08 11:16:00,2025-02-08 04:20:00,Delivered
PK-00283,Lahore,Punjab,Fashion,Cash on Delivery,11060.41,2025-02-04 19:37:00,2025-02-05 11:37:00,2025-02-07 19:37:00,2025-02-07 23:26:00,Delivered
PK-00284,Lahore,Punjab,Electronics,Card,52580.38,2025-03-20 15:54:00,2025-03-21 02:54:00,2025-03-23 15:54:00,2025-03-24 04:07:00,Delivered
PK-00285,Rawalpindi,Punjab,Groceries,Digital Wallet,33593.82,2025-03-25 09:45:00,2025-03-26 08:45:00,2025-03-28 09:45:00,2025-03-27 13:46:00,Delivered
PK-00286,Rawalpindi,Punjab,Electronics,Digital Wallet,7028.12,2025-04-26 16:35:00,,2025-04-29 16:35:00,,Cancelled
PK-00287,Quetta,Balochistan,Groceries,Cash on Delivery,38039.0,2025-02-26 09:52:00,2025-02-26 19:52:00,2025-03-04 09:52:00,2025-03-03 22:04:00,Delivered
PK-00288,Peshawar,Khyber Pakhtunkhwa,Electronics,Cash on Delivery,61274.22,2025-04-24 19:05:00,2025-04-24 22:05:00,2025-04-29 19:05:00,2025-04-29 04:04:00,Delivered
PK-00289,Quetta,Balochistan,Fashion,Bank Transfer,14309.92,2025-04-12 15:24:00,2025-04-12 22:24:00,2025-04-18 15:24:00,2025-04-18 02:26:00,Delivered
PK-00290,Multan,Punjab,Home,Digital Wallet,4386.2,2025-06-07 11:18:00,2025-06-07 21:18:00,2025-06-11 11:18:00,2025-06-12 09:26:00,Delivered
PK-00291,Rawalpindi,Punjab,Books,Cash on Delivery,64316.0,2025-06-14 20:33:00,2025-06-15 23:33:00,2025-06-17 20:33:00,2025-06-18 14:55:00,Delivered
PK-00292,Islamabad,ICT,Electronics,Bank Transfer,38993.86,2025-05-09 12:17:00,2025-05-09 14:17:00,2025-05-12 12:17:00,2025-05-10 22:20:00,Delivered
PK-00293,Rawalpindi,Punjab,Fashion,Cash on Delivery,16449.17,2025-05-01 16:49:00,2025-05-02 01:49:00,2025-05-04 16:49:00,2025-05-04 03:37:00,Delivered
PK-00294,Quetta,Balochistan,Groceries,Card,11817.28,2025-02-26 17:51:00,2025-02-27 13:51:00,2025-03-04 17:51:00,2025-03-07 00:42:00,Delivered
PK-00295,Peshawar,Khyber Pakhtunkhwa,Beauty,Card,36798.68,2025-04-02 21:01:00,2025-04-03 05:01:00,2025-04-07 21:01:00,2025-04-08 20:35:00,Delivered
PK-00296,Rawalpindi,Punjab,Beauty,Card,1736.35,2025-05-06 04:03:00,2025-05-06 21:03:00,2025-05-09 04:03:00,2025-05-07 21:24:00,Delivered
PK-00297,Islamabad,ICT,Groceries,Cash on Delivery,1864.48,2025-02-21 19:21:00,2025-02-22 15:21:00,2025-02-24 19:21:00,2025-02-24 19:15:00,Delivered
PK-00298,Quetta,Balochistan,Beauty,Cash on Delivery,22175.02,2025-04-04 22:23:00,2025-04-05 10:23:00,2025-04-10 22:23:00,2025-04-09 14:33:00,Delivered
PK-00299,Peshawar,Khyber Pakhtunkhwa,Fashion,Bank Transfer,14859.96,2025-04-22 19:31:00,2025-04-23 15:31:00,2025-04-27 19:31:00,2025-04-28 00:39:00,Delivered
PK-00300,Quetta,Balochistan,Beauty,Cash on Delivery,12203.38,2025-01-01 21:36:00,2025-01-02 09:36:00,2025-01-07 21:36:00,2025-01-06 17:16:00,Delivered
PK-00301,Lahore,Punjab,Fashion,Bank Transfer,63862.61,2025-05-08 09:47:00,,2025-05-11 09:47:00,,Cancelled
PK-00302,Peshawar,Khyber Pakhtunkhwa,Groceries,Cash on Delivery,46952.7,2025-02-23 11:04:00,2025-02-23 14:04:00,2025-02-28 11:04:00,2025-02-26 02:32:00,Delivered
PK-00303,Quetta,Balochistan,Groceries,Digital Wallet,6997.21,2025-02-12 20:31:00,2025-02-13 13:31:00,2025-02-18 20:31:00,2025-02-18 20:41:00,Delivered
PK-00304,Faisalabad,Punjab,Electronics,Cash on Delivery,22513.72,2025-01-09 12:20:00,2025-01-10 18:20:00,2025-01-13 12:20:00,2025-01-12 06:30:00,Delivered
PK-00305,Peshawar,Khyber Pakhtunkhwa,Beauty,Digital Wallet,45925.77,2025-05-21 21:05:00,,2025-05-26 21:05:00,,Cancelled
PK-00306,Quetta,Balochistan,Books,Bank Transfer,43091.59,2025-03-26 10:12:00,,2025-04-01 10:12:00,,Cancelled
PK-00307,Islamabad,ICT,Electronics,Bank Transfer,696.3,2025-05-27 16:31:00,2025-05-27 20:31:00,2025-05-30 16:31:00,2025-05-29 11:43:00,Delivered
PK-00308,Lahore,Punjab,Home,Cash on Delivery,20354.21,2025-02-22 10:18:00,2025-02-23 00:18:00,2025-02-25 10:18:00,2025-02-27 15:49:00,Delivered
PK-00309,Quetta,Balochistan,Fashion,Bank Transfer,57608.55,2025-03-09 07:34:00,2025-03-09 20:34:00,2025-03-15 07:34:00,2025-03-15 11:03:00,Delivered
PK-00310,Lahore,Punjab,Electronics,Bank Transfer,52618.03,2025-03-10 16:09:00,2025-03-11 07:09:00,2025-03-13 16:09:00,2025-03-13 14:44:00,Delivered
PK-00311,Multan,Punjab,Beauty,Card,31192.73,2025-04-10 20:26:00,2025-04-11 00:26:00,2025-04-14 20:26:00,2025-04-12 01:58:00,Delivered
PK-00312,Islamabad,ICT,Electronics,Digital Wallet,11609.34,2025-05-13 19:43:00,2025-05-14 02:43:00,2025-05-16 19:43:00,2025-05-18 09:34:00,Delivered
PK-00313,Quetta,Balochistan,Fashion,Card,54291.68,2025-01-11 14:43:00,2025-01-12 00:43:00,2025-01-17 14:43:00,2025-01-16 02:48:00,Delivered
PK-00314,Faisalabad,Punjab,Beauty,Digital Wallet,59652.8,2025-04-12 16:54:00,2025-04-12 18:54:00,2025-04-16 16:54:00,2025-04-18 11:44:00,Delivered
PK-00315,Lahore,Punjab,Electronics,Cash on Delivery,51169.88,2025-04-17 09:36:00,2025-04-18 14:36:00,2025-04-20 09:36:00,2025-04-20 03:52:00,Delivered
PK-00316,Karachi,Sindh,Fashion,Bank Transfer,26461.97,2025-05-05 17:30:00,2025-05-06 14:30:00,2025-05-08 17:30:00,2025-05-09 02:32:00,Delivered
PK-00317,Multan,Punjab,Groceries,Bank Transfer,1756.03,2025-03-26 18:03:00,2025-03-27 22:03:00,2025-03-30 18:03:00,2025-03-31 13:57:00,Delivered
PK-00318,Islamabad,ICT,Groceries,Digital Wallet,50413.69,2025-01-26 22:14:00,2025-01-27 10:14:00,2025-01-29 22:14:00,2025-01-28 19:00:00,Delivered
PK-00319,Rawalpindi,Punjab,Home,Digital Wallet,49475.29,2025-06-15 07:28:00,2025-06-16 12:28:00,2025-06-18 07:28:00,2025-06-18 17:32:00,Delivered
PK-00320,Karachi,Sindh,Fashion,Card,56942.9,2025-05-10 14:49:00,,2025-05-13 14:49:00,,Cancelled
PK-00321,Rawalpindi,Punjab,Groceries,Bank Transfer,53607.33,2025-01-13 21:45:00,2025-01-14 15:45:00,2025-01-16 21:45:00,2025-01-15 16:00:00,Delivered
PK-00322,Multan,Punjab,Beauty,Bank Transfer,22671.27,2025-06-02 15:55:00,2025-06-03 19:55:00,2025-06-06 15:55:00,2025-06-09 04:42:00,Delivered
PK-00323,Karachi,Sindh,Fashion,Card,55776.53,2025-01-24 12:24:00,,2025-01-27 12:24:00,,Cancelled
PK-00324,Islamabad,ICT,Books,Card,39253.71,2025-06-24 01:58:00,2025-06-24 03:58:00,2025-06-27 01:58:00,2025-06-27 11:14:00,Delivered
PK-00325,Faisalabad,Punjab,Home,Digital Wallet,55419.89,2025-03-20 18:45:00,2025-03-21 10:45:00,2025-03-24 18:45:00,2025-03-25 03:37:00,Delivered
PK-00326,Peshawar,Khyber Pakhtunkhwa,Beauty,Bank Transfer,19716.62,2025-05-30 08:32:00,2025-05-30 13:32:00,2025-06-04 08:32:00,2025-06-05 04:36:00,Delivered
PK-00327,Faisalabad,Punjab,Groceries,Bank Transfer,12608.64,2025-03-12 17:55:00,2025-03-13 11:55:00,2025-03-16 17:55:00,2025-03-17 00:37:00,Delivered
PK-00328,Multan,Punjab,Groceries,Bank Transfer,58991.14,2025-02-05 18:41:00,,2025-02-09 18:41:00,,Cancelled
PK-00329,Rawalpindi,Punjab,Books,Digital Wallet,58966.29,2025-05-27 20:21:00,2025-05-28 19:21:00,2025-05-30 20:21:00,2025-05-30 01:14:00,Delivered
PK-00330,Multan,Punjab,Fashion,Bank Transfer,47260.8,2025-05-23 10:06:00,2025-05-24 05:06:00,2025-05-27 10:06:00,2025-05-28 10:49:00,Delivered
PK-00331,Rawalpindi,Punjab,Books,Bank Transfer,27591.5,2025-06-17 07:22:00,2025-06-18 13:22:00,2025-06-20 07:22:00,2025-06-20 22:51:00,Delivered
PK-00332,Lahore,Punjab,Home,Card,32755.81,2025-05-01 06:40:00,2025-05-02 11:40:00,2025-05-04 06:40:00,2025-05-06 00:13:00,Delivered
PK-00333,Islamabad,ICT,Fashion,Bank Transfer,26863.33,2025-01-14 20:09:00,2025-01-15 16:09:00,2025-01-17 20:09:00,2025-01-20 20:29:00,Delivered
PK-00334,Peshawar,Khyber Pakhtunkhwa,Books,Card,20680.88,2025-02-16 19:31:00,2025-02-16 22:31:00,2025-02-21 19:31:00,2025-02-18 22:59:00,Delivered
PK-00335,Multan,Punjab,Electronics,Card,40114.67,2025-02-13 17:10:00,,2025-02-17 17:10:00,,Cancelled
PK-00336,Karachi,Sindh,Groceries,Card,1606.49,2025-05-17 10:23:00,2025-05-17 12:23:00,2025-05-20 10:23:00,2025-05-20 19:37:00,Delivered
PK-00337,Quetta,Balochistan,Beauty,Bank Transfer,11231.15,2025-03-30 12:06:00,2025-03-31 16:06:00,2025-04-05 12:06:00,2025-04-09 06:52:00,Delivered
PK-00338,Islamabad,ICT,Groceries,Digital Wallet,23639.64,2025-05-15 12:56:00,2025-05-15 20:56:00,2025-05-18 12:56:00,2025-05-19 02:54:00,Delivered
PK-00339,Islamabad,ICT,Fashion,Cash on Delivery,38514.67,2025-04-14 02:14:00,2025-04-14 09:14:00,2025-04-17 02:14:00,2025-04-17 10:38:00,Delivered
PK-00340,Karachi,Sindh,Beauty,Cash on Delivery,43180.16,2025-03-07 19:39:00,2025-03-08 17:39:00,2025-03-10 19:39:00,2025-03-11 17:42:00,Delivered
PK-00341,Faisalabad,Punjab,Home,Card,13714.7,2025-04-17 15:07:00,2025-04-18 14:07:00,2025-04-21 15:07:00,2025-04-20 17:49:00,Delivered
PK-00342,Quetta,Balochistan,Electronics,Cash on Delivery,18698.72,2025-06-09 17:08:00,2025-06-10 20:08:00,2025-06-15 17:08:00,2025-06-14 23:39:00,Delivered
PK-00343,Rawalpindi,Punjab,Groceries,Digital Wallet,19514.92,2025-02-21 19:53:00,2025-02-21 22:53:00,2025-02-24 19:53:00,2025-02-23 14:14:00,Delivered
PK-00344,Lahore,Punjab,Beauty,Digital Wallet,10077.28,2025-01-04 18:58:00,2025-01-04 22:58:00,2025-01-07 18:58:00,2025-01-06 15:02:00,Delivered
PK-00345,Rawalpindi,Punjab,Home,Bank Transfer,17499.27,2025-01-26 21:41:00,2025-01-27 00:41:00,2025-01-29 21:41:00,2025-01-30 02:35:00,Delivered
PK-00346,Lahore,Punjab,Electronics,Cash on Delivery,1074.35,2025-06-23 12:47:00,2025-06-23 18:47:00,2025-06-26 12:47:00,2025-06-26 00:08:00,Delivered
PK-00347,Lahore,Punjab,Groceries,Bank Transfer,12254.22,2025-04-23 22:17:00,2025-04-24 12:17:00,2025-04-26 22:17:00,2025-04-26 01:01:00,Delivered
PK-00348,Islamabad,ICT,Electronics,Card,45387.77,2025-04-18 18:51:00,2025-04-18 21:51:00,2025-04-21 18:51:00,2025-04-22 02:57:00,Delivered
PK-00349,Multan,Punjab,Fashion,Digital Wallet,50745.06,2025-06-01 15:36:00,2025-06-02 12:36:00,2025-06-05 15:36:00,2025-06-07 17:06:00,Delivered
PK-00350,Karachi,Sindh,Electronics,Bank Transfer,42728.54,2025-01-29 20:28:00,2025-01-29 22:28:00,2025-02-01 20:28:00,2025-02-01 15:17:00,Delivered
PK-00351,Peshawar,Khyber Pakhtunkhwa,Beauty,Cash on Delivery,28390.33,2025-05-25 11:42:00,2025-05-26 12:42:00,2025-05-30 11:42:00,2025-05-31 00:51:00,Delivered
PK-00352,Karachi,Sindh,Electronics,Card,33084.39,2025-05-23 21:39:00,2025-05-24 14:39:00,2025-05-26 21:39:00,2025-05-28 06:34:00,Delivered
PK-00353,Faisalabad,Punjab,Electronics,Card,35984.49,2025-05-06 12:21:00,2025-05-07 02:21:00,2025-05-10 12:21:00,2025-05-09 16:49:00,Delivered
PK-00354,Multan,Punjab,Groceries,Cash on Delivery,63752.3,2025-04-25 07:31:00,2025-04-26 08:31:00,2025-04-29 07:31:00,2025-04-30 08:37:00,Delivered
PK-00355,Lahore,Punjab,Beauty,Bank Transfer,57906.66,2025-01-10 16:00:00,2025-01-11 11:00:00,2025-01-13 16:00:00,2025-01-13 21:23:00,Delivered
PK-00356,Multan,Punjab,Books,Bank Transfer,46662.22,2025-02-27 20:21:00,2025-02-28 01:21:00,2025-03-03 20:21:00,2025-03-05 05:09:00,Delivered
PK-00357,Faisalabad,Punjab,Beauty,Bank Transfer,45770.3,2025-01-01 13:53:00,2025-01-01 16:53:00,2025-01-05 13:53:00,2025-01-06 05:59:00,Delivered
PK-00358,Quetta,Balochistan,Fashion,Digital Wallet,53674.97,2025-02-20 10:59:00,2025-02-20 18:59:00,2025-02-26 10:59:00,2025-02-25 05:05:00,Delivered
PK-00359,Lahore,Punjab,Home,Digital Wallet,42953.38,2025-01-12 21:53:00,,2025-01-15 21:53:00,,Cancelled
PK-00360,Islamabad,ICT,Books,Card,47603.43,2025-04-21 20:30:00,2025-04-22 02:30:00,2025-04-24 20:30:00,2025-04-25 05:54:00,Delivered
PK-00361,Quetta,Balochistan,Home,Card,18110.61,2025-06-05 20:32:00,2025-06-06 08:32:00,2025-06-11 20:32:00,2025-06-12 12:40:00,Delivered
PK-00362,Faisalabad,Punjab,Books,Bank Transfer,46401.49,2025-06-29 20:32:00,2025-06-30 15:32:00,2025-07-03 20:32:00,2025-07-03 21:44:00,Delivered
PK-00363,Islamabad,ICT,Books,Card,32976.32,2025-03-16 18:58:00,2025-03-17 18:58:00,2025-03-19 18:58:00,2025-03-19 06:33:00,Delivered
PK-00364,Quetta,Balochistan,Books,Bank Transfer,57091.16,2025-05-27 21:45:00,2025-05-28 12:45:00,2025-06-02 21:45:00,2025-06-01 13:18:00,Delivered
PK-00365,Karachi,Sindh,Fashion,Bank Transfer,48874.44,2025-04-08 09:42:00,2025-04-08 16:42:00,2025-04-11 09:42:00,2025-04-12 21:35:00,Delivered
PK-00366,Karachi,Sindh,Groceries,Digital Wallet,7065.08,2025-03-17 10:34:00,2025-03-18 15:34:00,2025-03-20 10:34:00,2025-03-20 23:21:00,Delivered
PK-00367,Faisalabad,Punjab,Books,Cash on Delivery,60254.59,2025-04-10 11:50:00,,2025-04-14 11:50:00,,Cancelled
PK-00368,Multan,Punjab,Fashion,Bank Transfer,49192.2,2025-03-06 10:55:00,2025-03-07 05:55:00,2025-03-10 10:55:00,2025-03-11 12:44:00,Delivered
PK-00369,Lahore,Punjab,Fashion,Card,47899.38,2025-02-19 12:11:00,2025-02-19 17:11:00,2025-02-22 12:11:00,2025-02-21 01:19:00,Delivered
PK-00370,Islamabad,ICT,Electronics,Card,60392.95,2025-03-07 00:29:00,2025-03-07 21:29:00,2025-03-10 00:29:00,2025-03-10 23:18:00,Delivered
PK-00371,Multan,Punjab,Beauty,Bank Transfer,5154.46,2025-06-07 20:19:00,2025-06-08 20:19:00,2025-06-11 20:19:00,2025-06-12 01:52:00,Delivered
PK-00372,Quetta,Balochistan,Electronics,Bank Transfer,14728.34,2025-05-10 09:34:00,2025-05-10 17:34:00,2025-05-16 09:34:00,2025-05-17 03:55:00,Delivered
PK-00373,Multan,Punjab,Beauty,Cash on Delivery,7855.3,2025-02-25 22:39:00,2025-02-26 11:39:00,2025-03-01 22:39:00,2025-02-27 18:41:00,Delivered
PK-00374,Lahore,Punjab,Home,Bank Transfer,35322.32,2025-03-24 13:50:00,2025-03-25 00:50:00,2025-03-27 13:50:00,2025-03-28 01:48:00,Delivered
PK-00375,Multan,Punjab,Home,Cash on Delivery,19584.81,2025-04-06 16:32:00,2025-04-07 14:32:00,2025-04-10 16:32:00,2025-04-11 17:42:00,Delivered
PK-00376,Lahore,Punjab,Fashion,Card,56282.58,2025-05-18 16:40:00,2025-05-19 07:40:00,2025-05-21 16:40:00,2025-05-22 10:53:00,Delivered
PK-00377,Quetta,Balochistan,Books,Cash on Delivery,48661.8,2025-06-29 20:47:00,2025-06-30 02:47:00,2025-07-05 20:47:00,2025-07-07 03:52:00,Delivered
PK-00378,Lahore,Punjab,Beauty,Card,59254.18,2025-02-15 19:35:00,2025-02-16 10:35:00,2025-02-18 19:35:00,2025-02-18 23:03:00,Delivered
PK-00379,Lahore,Punjab,Beauty,Cash on Delivery,41853.84,2025-04-21 12:24:00,2025-04-22 09:24:00,2025-04-24 12:24:00,2025-04-26 11:08:00,Delivered
PK-00380,Faisalabad,Punjab,Books,Bank Transfer,39603.83,2025-04-02 21:06:00,2025-04-03 08:06:00,2025-04-06 21:06:00,2025-04-07 22:30:00,Delivered
PK-00381,Rawalpindi,Punjab,Fashion,Digital Wallet,51881.53,2025-06-19 03:10:00,2025-06-20 08:10:00,2025-06-22 03:10:00,2025-06-21 12:29:00,Delivered
PK-00382,Islamabad,ICT,Electronics,Cash on Delivery,774.68,2025-06-15 13:00:00,2025-06-16 10:00:00,2025-06-18 13:00:00,2025-06-17 22:34:00,Delivered
PK-00383,Peshawar,Khyber Pakhtunkhwa,Fashion,Digital Wallet,58908.29,2025-01-22 12:47:00,2025-01-23 17:47:00,2025-01-27 12:47:00,2025-01-27 01:26:00,Delivered
PK-00384,Karachi,Sindh,Beauty,Digital Wallet,42063.74,2025-02-19 08:42:00,2025-02-19 12:42:00,2025-02-22 08:42:00,2025-02-21 22:24:00,Delivered
PK-00385,Multan,Punjab,Groceries,Bank Transfer,8726.29,2025-01-26 10:37:00,2025-01-27 08:37:00,2025-01-30 10:37:00,2025-01-30 11:34:00,Delivered
PK-00386,Faisalabad,Punjab,Books,Card,36956.38,2025-05-05 15:39:00,2025-05-06 04:39:00,2025-05-09 15:39:00,2025-05-10 15:06:00,Delivered
PK-00387,Quetta,Balochistan,Groceries,Bank Transfer,9119.44,2025-03-22 11:14:00,2025-03-23 12:14:00,2025-03-28 11:14:00,2025-03-28 02:36:00,Delivered
PK-00388,Lahore,Punjab,Groceries,Card,57983.22,2025-05-05 16:11:00,2025-05-06 00:11:00,2025-05-08 16:11:00,2025-05-09 08:57:00,Delivered
PK-00389,Karachi,Sindh,Beauty,Cash on Delivery,52906.07,2025-01-20 18:57:00,2025-01-21 14:57:00,2025-01-23 18:57:00,2025-01-22 16:32:00,Delivered
PK-00390,Islamabad,ICT,Groceries,Digital Wallet,14864.44,2025-05-19 15:49:00,2025-05-20 17:49:00,2025-05-22 15:49:00,2025-05-24 02:57:00,Delivered
PK-00391,Karachi,Sindh,Books,Card,55187.23,2025-05-11 07:23:00,2025-05-12 10:23:00,2025-05-14 07:23:00,2025-05-17 02:31:00,Delivered
PK-00392,Islamabad,ICT,Books,Digital Wallet,61073.76,2025-02-15 16:36:00,2025-02-15 19:36:00,2025-02-18 16:36:00,2025-02-18 03:24:00,Delivered
PK-00393,Karachi,Sindh,Books,Card,33879.49,2025-01-17 11:14:00,,2025-01-20 11:14:00,,Cancelled
PK-00394,Faisalabad,Punjab,Books,Bank Transfer,37800.66,2025-06-16 12:45:00,2025-06-17 08:45:00,2025-06-20 12:45:00,2025-06-21 14:09:00,Delivered
PK-00395,Lahore,Punjab,Beauty,Bank Transfer,24742.02,2025-04-04 17:57:00,2025-04-05 02:57:00,2025-04-07 17:57:00,2025-04-06 14:28:00,Delivered
PK-00396,Islamabad,ICT,Home,Card,15295.9,2025-06-04 00:56:00,2025-06-04 18:56:00,2025-06-07 00:56:00,2025-06-07 03:09:00,Delivered
PK-00397,Lahore,Punjab,Books,Card,27213.31,2025-02-10 13:45:00,2025-02-11 01:45:00,2025-02-13 13:45:00,2025-02-13 17:15:00,Delivered
PK-00398,Karachi,Sindh,Fashion,Cash on Delivery,8704.98,2025-02-11 18:26:00,2025-02-12 14:26:00,2025-02-14 18:26:00,2025-02-13 19:34:00,Delivered
PK-00399,Karachi,Sindh,Fashion,Bank Transfer,59993.95,2025-01-11 21:09:00,2025-01-12 15:09:00,2025-01-14 21:09:00,2025-01-16 16:05:00,Delivered
PK-00400,Rawalpindi,Punjab,Home,Digital Wallet,56434.37,2025-06-19 20:05:00,2025-06-20 03:05:00,2025-06-22 20:05:00,2025-06-22 10:58:00,Delivered
PK-00401,Islamabad,ICT,Beauty,Bank Transfer,11276.44,2025-02-06 19:52:00,2025-02-07 18:52:00,2025-02-09 19:52:00,2025-02-08 21:06:00,Delivered
PK-00402,Quetta,Balochistan,Fashion,Cash on Delivery,11902.6,2025-02-03 08:12:00,2025-02-04 14:12:00,2025-02-09 08:12:00,2025-02-10 16:08:00,Delivered
PK-00403,Multan,Punjab,Books,Card,58673.12,2025-05-09 19:05:00,2025-05-10 14:05:00,2025-05-13 19:05:00,2025-05-15 03:38:00,Delivered
PK-00404,Rawalpindi,Punjab,Home,Digital Wallet,23075.92,2025-01-12 18:27:00,2025-01-13 21:27:00,2025-01-15 18:27:00,2025-01-15 00:54:00,Delivered
PK-00405,Lahore,Punjab,Groceries,Digital Wallet,17091.31,2025-05-03 19:58:00,2025-05-03 21:58:00,2025-05-06 19:58:00,2025-05-05 14:05:00,Delivered
PK-00406,Peshawar,Khyber Pakhtunkhwa,Home,Bank Transfer,7329.95,2025-04-07 18:44:00,2025-04-08 09:44:00,2025-04-12 18:44:00,2025-04-10 18:00:00,Delivered
PK-00407,Faisalabad,Punjab,Books,Digital Wallet,49183.44,2025-04-19 16:39:00,2025-04-20 07:39:00,2025-04-23 16:39:00,2025-04-21 13:02:00,Delivered
PK-00408,Peshawar,Khyber Pakhtunkhwa,Books,Digital Wallet,47944.76,2025-05-04 11:19:00,2025-05-05 16:19:00,2025-05-09 11:19:00,2025-05-08 20:06:00,Delivered
PK-00409,Rawalpindi,Punjab,Beauty,Digital Wallet,51191.54,2025-06-29 22:06:00,2025-07-01 01:06:00,2025-07-02 22:06:00,2025-07-02 02:16:00,Delivered
PK-00410,Islamabad,ICT,Home,Digital Wallet,6139.48,2025-06-12 00:05:00,2025-06-12 10:05:00,2025-06-15 00:05:00,2025-06-13 17:28:00,Delivered
PK-00411,Quetta,Balochistan,Beauty,Bank Transfer,46384.16,2025-01-10 18:59:00,2025-01-11 15:59:00,2025-01-16 18:59:00,2025-01-18 21:39:00,Delivered
PK-00412,Faisalabad,Punjab,Fashion,Cash on Delivery,51054.58,2025-01-03 10:42:00,2025-01-04 04:42:00,2025-01-07 10:42:00,2025-01-08 21:26:00,Delivered
PK-00413,Rawalpindi,Punjab,Books,Cash on Delivery,63427.94,2025-02-13 18:23:00,2025-02-13 22:23:00,2025-02-16 18:23:00,2025-02-18 10:05:00,Delivered
PK-00414,Lahore,Punjab,Electronics,Bank Transfer,47322.25,2025-05-31 10:00:00,2025-06-01 05:00:00,2025-06-03 10:00:00,2025-06-03 16:22:00,Delivered
PK-00415,Multan,Punjab,Home,Cash on Delivery,17304.49,2025-03-12 11:12:00,2025-03-13 02:12:00,2025-03-16 11:12:00,2025-03-14 18:30:00,Delivered
PK-00416,Faisalabad,Punjab,Books,Digital Wallet,62808.88,2025-01-30 19:16:00,2025-01-31 15:16:00,2025-02-03 19:16:00,2025-02-04 07:05:00,Delivered
PK-00417,Multan,Punjab,Beauty,Cash on Delivery,31561.17,2025-03-28 22:29:00,2025-03-29 08:29:00,2025-04-01 22:29:00,2025-04-03 16:12:00,Delivered
PK-00418,Karachi,Sindh,Books,Bank Transfer,16475.03,2025-03-22 14:22:00,2025-03-22 18:22:00,2025-03-25 14:22:00,2025-03-26 07:05:00,Delivered
PK-00419,Islamabad,ICT,Home,Bank Transfer,23270.87,2025-03-29 07:59:00,2025-03-30 13:59:00,2025-04-01 07:59:00,2025-03-31 20:30:00,Delivered
PK-00420,Faisalabad,Punjab,Fashion,Card,13538.58,2025-03-02 19:55:00,2025-03-03 04:55:00,2025-03-06 19:55:00,2025-03-06 16:04:00,Delivered
PK-00421,Multan,Punjab,Beauty,Cash on Delivery,49781.96,2025-01-31 21:43:00,2025-02-01 16:43:00,2025-02-04 21:43:00,2025-02-07 04:22:00,Delivered
PK-00422,Islamabad,ICT,Beauty,Bank Transfer,26133.12,2025-05-28 20:31:00,2025-05-29 22:31:00,2025-05-31 20:31:00,2025-05-31 02:34:00,Delivered
PK-00423,Karachi,Sindh,Beauty,Bank Transfer,25864.43,2025-04-19 15:34:00,2025-04-20 14:34:00,2025-04-22 15:34:00,2025-04-22 18:18:00,Delivered
PK-00424,Rawalpindi,Punjab,Home,Cash on Delivery,21456.91,2025-03-22 18:00:00,2025-03-23 15:00:00,2025-03-25 18:00:00,2025-03-24 23:11:00,Delivered
PK-00425,Peshawar,Khyber Pakhtunkhwa,Groceries,Card,32645.6,2025-03-02 11:39:00,2025-03-02 19:39:00,2025-03-07 11:39:00,2025-03-05 07:33:00,Delivered
PK-00426,Rawalpindi,Punjab,Electronics,Bank Transfer,52353.85,2025-04-26 10:08:00,2025-04-27 05:08:00,2025-04-29 10:08:00,2025-04-30 19:02:00,Delivered
PK-00427,Islamabad,ICT,Home,Cash on Delivery,11850.0,2025-02-07 19:47:00,2025-02-08 12:47:00,2025-02-10 19:47:00,2025-02-13 05:21:00,Delivered
PK-00428,Karachi,Sindh,Home,Cash on Delivery,45024.56,2025-05-05 12:35:00,2025-05-05 15:35:00,2025-05-08 12:35:00,2025-05-09 22:27:00,Delivered
PK-00429,Peshawar,Khyber Pakhtunkhwa,Groceries,Bank Transfer,23707.79,2025-06-11 08:47:00,2025-06-12 03:47:00,2025-06-16 08:47:00,2025-06-17 04:13:00,Delivered
PK-00430,Islamabad,ICT,Groceries,Bank Transfer,21434.58,2025-06-23 22:12:00,2025-06-24 16:12:00,2025-06-26 22:12:00,2025-06-27 08:01:00,Delivered
PK-00431,Multan,Punjab,Books,Card,56496.03,2025-01-21 13:18:00,2025-01-22 11:18:00,2025-01-25 13:18:00,2025-01-26 00:12:00,Delivered
PK-00432,Peshawar,Khyber Pakhtunkhwa,Groceries,Bank Transfer,46308.48,2025-01-21 09:14:00,2025-01-22 06:14:00,2025-01-26 09:14:00,2025-01-25 18:31:00,Delivered
PK-00433,Multan,Punjab,Home,Card,12319.85,2025-04-03 19:33:00,2025-04-03 21:33:00,2025-04-07 19:33:00,2025-04-08 06:20:00,Delivered
PK-00434,Lahore,Punjab,Electronics,Cash on Delivery,60920.03,2025-01-21 10:25:00,2025-01-22 03:25:00,2025-01-24 10:25:00,2025-01-25 04:26:00,Delivered
PK-00435,Lahore,Punjab,Groceries,Card,5892.29,2025-05-15 19:05:00,2025-05-17 01:05:00,2025-05-18 19:05:00,2025-05-18 10:33:00,Delivered
PK-00436,Karachi,Sindh,Electronics,Bank Transfer,55986.81,2025-02-03 16:10:00,2025-02-04 04:10:00,2025-02-06 16:10:00,2025-02-07 19:39:00,Delivered
PK-00437,Multan,Punjab,Fashion,Card,38588.14,2025-05-19 21:35:00,2025-05-20 13:35:00,2025-05-23 21:35:00,2025-05-23 03:08:00,Delivered
PK-00438,Multan,Punjab,Beauty,Card,52393.89,2025-05-17 12:22:00,2025-05-18 04:22:00,2025-05-21 12:22:00,2025-05-20 13:45:00,Delivered
PK-00439,Islamabad,ICT,Groceries,Bank Transfer,30736.73,2025-02-09 12:00:00,,2025-02-12 12:00:00,,Cancelled
PK-00440,Rawalpindi,Punjab,Electronics,Bank Transfer,12622.26,2025-04-21 19:38:00,2025-04-23 01:38:00,2025-04-24 19:38:00,2025-04-24 15:03:00,Delivered
PK-00441,Rawalpindi,Punjab,Groceries,Cash on Delivery,27705.55,2025-06-15 13:24:00,2025-06-15 22:24:00,2025-06-18 13:24:00,2025-06-17 06:42:00,Delivered
PK-00442,Rawalpindi,Punjab,Electronics,Card,9269.08,2025-05-17 19:26:00,2025-05-18 00:26:00,2025-05-20 19:26:00,2025-05-20 15:05:00,Delivered
PK-00443,Peshawar,Khyber Pakhtunkhwa,Electronics,Card,3653.75,2025-06-29 17:12:00,2025-06-30 12:12:00,2025-07-04 17:12:00,2025-07-07 21:29:00,Delivered
PK-00444,Lahore,Punjab,Fashion,Cash on Delivery,32310.56,2025-04-23 18:14:00,2025-04-24 06:14:00,2025-04-26 18:14:00,2025-04-26 19:33:00,Delivered
PK-00445,Karachi,Sindh,Groceries,Cash on Delivery,54900.91,2025-05-08 23:29:00,2025-05-09 05:29:00,2025-05-11 23:29:00,2025-05-13 08:03:00,Delivered
PK-00446,Quetta,Balochistan,Electronics,Cash on Delivery,63360.33,2025-02-19 21:16:00,2025-02-20 21:16:00,2025-02-25 21:16:00,2025-02-27 04:40:00,Delivered
PK-00447,Rawalpindi,Punjab,Home,Cash on Delivery,34089.53,2025-04-24 11:02:00,2025-04-24 19:02:00,2025-04-27 11:02:00,2025-04-26 05:01:00,Delivered
PK-00448,Lahore,Punjab,Groceries,Digital Wallet,41666.47,2025-06-11 18:47:00,,2025-06-14 18:47:00,,Cancelled
PK-00449,Rawalpindi,Punjab,Books,Digital Wallet,21397.35,2025-06-20 10:07:00,2025-06-20 17:07:00,2025-06-23 10:07:00,2025-06-23 05:57:00,Delivered
PK-00450,Multan,Punjab,Books,Card,24423.78,2025-01-11 17:44:00,2025-01-11 21:44:00,2025-01-15 17:44:00,2025-01-13 04:54:00,Delivered
PK-00451,Karachi,Sindh,Electronics,Bank Transfer,42057.31,2025-06-25 17:59:00,2025-06-26 17:59:00,2025-06-28 17:59:00,2025-06-28 09:13:00,Delivered
PK-00452,Peshawar,Khyber Pakhtunkhwa,Home,Card,1828.33,2025-05-23 19:48:00,2025-05-24 09:48:00,2025-05-28 19:48:00,2025-05-28 21:34:00,Delivered
PK-00453,Faisalabad,Punjab,Beauty,Digital Wallet,12700.03,2025-01-11 15:28:00,2025-01-11 22:28:00,2025-01-15 15:28:00,2025-01-14 12:45:00,Delivered
PK-00454,Islamabad,ICT,Electronics,Card,29457.75,2025-06-03 21:35:00,2025-06-05 01:35:00,2025-06-06 21:35:00,2025-06-07 10:09:00,Delivered
PK-00455,Quetta,Balochistan,Books,Card,57443.28,2025-01-01 19:32:00,2025-01-02 16:32:00,2025-01-07 19:32:00,2025-01-08 23:52:00,Delivered
PK-00456,Quetta,Balochistan,Fashion,Digital Wallet,49878.14,2025-06-18 22:52:00,2025-06-19 04:52:00,2025-06-24 22:52:00,2025-06-22 14:12:00,Delivered
PK-00457,Lahore,Punjab,Electronics,Card,11981.13,2025-03-24 08:33:00,2025-03-24 11:33:00,2025-03-27 08:33:00,2025-03-26 14:35:00,Delivered
PK-00458,Faisalabad,Punjab,Electronics,Bank Transfer,14697.66,2025-04-10 18:33:00,2025-04-11 18:33:00,2025-04-14 18:33:00,2025-04-15 20:33:00,Delivered
PK-00459,Lahore,Punjab,Home,Cash on Delivery,23747.78,2025-02-23 18:59:00,2025-02-24 19:59:00,2025-02-26 18:59:00,2025-02-28 07:49:00,Delivered
PK-00460,Lahore,Punjab,Groceries,Cash on Delivery,61424.15,2025-06-07 11:02:00,2025-06-08 05:02:00,2025-06-10 11:02:00,2025-06-10 08:08:00,Delivered
PK-00461,Rawalpindi,Punjab,Beauty,Card,36496.24,2025-05-17 13:12:00,2025-05-18 08:12:00,2025-05-20 13:12:00,2025-05-19 19:55:00,Delivered
PK-00462,Islamabad,ICT,Fashion,Digital Wallet,33027.92,2025-06-20 14:06:00,2025-06-21 13:06:00,2025-06-23 14:06:00,2025-06-23 18:40:00,Delivered
PK-00463,Peshawar,Khyber Pakhtunkhwa,Beauty,Bank Transfer,54985.33,2025-04-24 21:57:00,2025-04-25 12:57:00,2025-04-29 21:57:00,2025-04-29 23:35:00,Delivered
PK-00464,Faisalabad,Punjab,Groceries,Digital Wallet,29336.11,2025-05-20 10:49:00,,2025-05-24 10:49:00,,Cancelled
PK-00465,Islamabad,ICT,Groceries,Cash on Delivery,19836.56,2025-03-14 17:33:00,2025-03-15 02:33:00,2025-03-17 17:33:00,2025-03-17 11:31:00,Delivered
PK-00466,Islamabad,ICT,Electronics,Cash on Delivery,30166.87,2025-05-23 17:36:00,2025-05-23 23:36:00,2025-05-26 17:36:00,2025-05-27 03:52:00,Delivered
PK-00467,Faisalabad,Punjab,Electronics,Digital Wallet,37183.14,2025-05-30 11:16:00,2025-05-30 19:16:00,2025-06-03 11:16:00,2025-06-03 10:27:00,Delivered
PK-00468,Lahore,Punjab,Beauty,Bank Transfer,2862.34,2025-06-26 18:52:00,2025-06-27 21:52:00,2025-06-29 18:52:00,2025-06-29 09:57:00,Delivered
PK-00469,Quetta,Balochistan,Home,Cash on Delivery,56594.72,2025-03-27 13:52:00,2025-03-27 22:52:00,2025-04-02 13:52:00,2025-04-01 23:32:00,Delivered
PK-00470,Karachi,Sindh,Groceries,Card,21546.98,2025-04-08 06:33:00,,2025-04-11 06:33:00,,Cancelled
PK-00471,Lahore,Punjab,Fashion,Digital Wallet,19155.49,2025-04-11 22:48:00,2025-04-12 12:48:00,2025-04-14 22:48:00,2025-04-16 04:24:00,Delivered
PK-00472,Quetta,Balochistan,Beauty,Digital Wallet,50400.41,2025-05-21 14:05:00,2025-05-21 20:05:00,2025-05-27 14:05:00,2025-05-28 00:35:00,Delivered
PK-00473,Rawalpindi,Punjab,Beauty,Card,16091.44,2025-05-05 14:36:00,2025-05-06 00:36:00,2025-05-08 14:36:00,2025-05-08 02:43:00,Delivered
PK-00474,Peshawar,Khyber Pakhtunkhwa,Groceries,Cash on Delivery,50132.93,2025-04-19 13:12:00,2025-04-19 20:12:00,2025-04-24 13:12:00,2025-04-23 07:51:00,Delivered
PK-00475,Karachi,Sindh,Fashion,Card,44689.94,2025-04-24 17:28:00,,2025-04-27 17:28:00,,Cancelled
PK-00476,Faisalabad,Punjab,Electronics,Bank Transfer,45234.48,2025-06-08 21:55:00,2025-06-09 02:55:00,2025-06-12 21:55:00,2025-06-10 12:23:00,Delivered
PK-00477,Rawalpindi,Punjab,Fashion,Bank Transfer,35875.04,2025-03-26 10:34:00,2025-03-27 07:34:00,2025-03-29 10:34:00,2025-03-29 07:58:00,Delivered
PK-00478,Islamabad,ICT,Electronics,Bank Transfer,13404.93,2025-06-19 16:16:00,2025-06-20 16:16:00,2025-06-22 16:16:00,2025-06-22 00:19:00,Delivered
PK-00479,Faisalabad,Punjab,Books,Bank Transfer,56239.42,2025-01-03 06:42:00,2025-01-03 08:42:00,2025-01-07 06:42:00,2025-01-05 20:56:00,Delivered
PK-00480,Peshawar,Khyber Pakhtunkhwa,Home,Cash on Delivery,12483.24,2025-05-11 22:06:00,2025-05-12 16:06:00,2025-05-16 22:06:00,2025-05-19 06:41:00,Delivered
PK-00481,Faisalabad,Punjab,Groceries,Digital Wallet,25843.96,2025-01-06 04:59:00,2025-01-06 11:59:00,2025-01-10 04:59:00,2025-01-11 23:39:00,Delivered
PK-00482,Faisalabad,Punjab,Home,Cash on Delivery,61394.02,2025-05-09 11:03:00,2025-05-09 21:03:00,2025-05-13 11:03:00,2025-05-13 04:12:00,Delivered
PK-00483,Quetta,Balochistan,Beauty,Card,27388.87,2025-04-11 18:05:00,2025-04-12 14:05:00,2025-04-17 18:05:00,2025-04-20 00:33:00,Delivered
PK-00484,Rawalpindi,Punjab,Fashion,Bank Transfer,44894.75,2025-02-22 18:37:00,2025-02-24 00:37:00,2025-02-25 18:37:00,2025-03-01 17:35:00,Delivered
PK-00485,Islamabad,ICT,Groceries,Cash on Delivery,36426.32,2025-02-07 18:36:00,,2025-02-10 18:36:00,,Cancelled
PK-00486,Quetta,Balochistan,Groceries,Digital Wallet,48579.11,2025-03-23 20:26:00,2025-03-25 00:26:00,2025-03-29 20:26:00,2025-03-31 08:35:00,Delivered
PK-00487,Faisalabad,Punjab,Beauty,Card,38945.08,2025-01-28 09:01:00,2025-01-28 18:01:00,2025-02-01 09:01:00,2025-02-01 09:09:00,Delivered
PK-00488,Peshawar,Khyber Pakhtunkhwa,Fashion,Digital Wallet,32172.81,2025-06-04 15:41:00,2025-06-04 21:41:00,2025-06-09 15:41:00,2025-06-08 02:53:00,Delivered
PK-00489,Faisalabad,Punjab,Home,Card,48369.77,2025-04-15 19:00:00,2025-04-16 03:00:00,2025-04-19 19:00:00,2025-04-19 17:55:00,Delivered
PK-00490,Rawalpindi,Punjab,Home,Digital Wallet,50554.66,2025-06-26 12:29:00,2025-06-27 09:29:00,2025-06-29 12:29:00,2025-06-29 22:15:00,Delivered
PK-00491,Karachi,Sindh,Beauty,Cash on Delivery,29601.4,2025-06-06 21:36:00,2025-06-08 01:36:00,2025-06-09 21:36:00,2025-06-12 09:09:00,Delivered
PK-00492,Karachi,Sindh,Fashion,Bank Transfer,28823.2,2025-01-11 16:33:00,2025-01-12 22:33:00,2025-01-14 16:33:00,2025-01-14 08:22:00,Delivered
PK-00493,Karachi,Sindh,Books,Card,30374.02,2025-04-29 09:18:00,2025-04-30 07:18:00,2025-05-02 09:18:00,2025-05-01 10:29:00,Delivered
PK-00494,Quetta,Balochistan,Groceries,Digital Wallet,2058.08,2025-06-28 16:25:00,2025-06-29 08:25:00,2025-07-04 16:25:00,2025-07-05 15:21:00,Delivered
PK-00495,Islamabad,ICT,Books,Cash on Delivery,6336.39,2025-03-06 12:41:00,2025-03-07 12:41:00,2025-03-09 12:41:00,2025-03-09 05:26:00,Delivered
PK-00496,Quetta,Balochistan,Beauty,Digital Wallet,3284.14,2025-05-11 17:10:00,2025-05-12 00:10:00,2025-05-17 17:10:00,2025-05-17 10:46:00,Delivered
PK-00497,Islamabad,ICT,Books,Cash on Delivery,27534.0,2025-02-08 09:09:00,2025-02-08 20:09:00,2025-02-11 09:09:00,2025-02-11 05:49:00,Delivered
PK-00498,Faisalabad,Punjab,Electronics,Digital Wallet,32571.86,2025-02-03 22:00:00,2025-02-04 15:00:00,2025-02-07 22:00:00,2025-02-05 15:38:00,Delivered
PK-00499,Multan,Punjab,Home,Digital Wallet,28973.05,2025-03-02 10:42:00,2025-03-03 07:42:00,2025-03-06 10:42:00,2025-03-05 16:21:00,Delivered
PK-00500,Karachi,Sindh,Books,Bank Transfer,2820.34,2025-02-23 05:09:00,2025-02-24 10:09:00,2025-02-26 05:09:00,2025-02-25 11:51:00,Delivered
